AssetSnapshotID,AssetID,AssetCode,FundID,FundCode,ValuationDate,ValuationDateKey,QuarterEnd,AssetStatus,CumulativeInvested,CumulativeInvestedCHF,CumulativeProceeds,CumulativeProceedsCHF,FairValue,FairValueCHF,Currency,FXRateToCHF,GrossMOIC
1,1,AB1-ATC,1,AB1,42460,20160331,2016 Q1,Active,96647000,105162664,0,0,92781000,100956027,EUR,1.088111,0.96
2,1,AB1-ATC,1,AB1,42551,20160630,2016 Q2,Active,123906000,134483589,0,0,118950000,127947616,EUR,1.075642,0.96
3,1,AB1-ATC,1,AB1,42643,20160930,2016 Q3,Active,123906000,134483589,0,0,128791000,138079278,EUR,1.072119,1.039
4,1,AB1-ATC,1,AB1,42735,20161231,2016 Q4,Active,123906000,134483589,0,0,136154000,146305234,EUR,1.074557,1.099
5,1,AB1-ATC,1,AB1,42825,20170331,2017 Q1,Active,123906000,134483589,0,0,143516000,157149015,EUR,1.094993,1.158
6,1,AB1-ATC,1,AB1,42916,20170630,2017 Q2,Active,123906000,134483589,0,0,150879000,167441591,EUR,1.109774,1.218
7,1,AB1-ATC,1,AB1,43008,20170930,2017 Q3,Active,123906000,134483589,0,0,158242000,179436142,EUR,1.133935,1.277
8,1,AB1-ATC,1,AB1,43100,20171231,2017 Q4,Active,123906000,134483589,0,0,165605000,192869048,EUR,1.164633,1.337
9,1,AB1-ATC,1,AB1,43190,20180331,2018 Q1,Active,123906000,134483589,0,0,172968000,199934230,EUR,1.155903,1.396
10,1,AB1-ATC,1,AB1,43281,20180630,2018 Q2,Active,123906000,134483589,0,0,180331000,205661915,EUR,1.140469,1.455
11,1,AB1-ATC,1,AB1,43373,20180930,2018 Q3,Partially Realized,123906000,134483589,145000,164504,187694000,212940532,EUR,1.134509,1.516
12,1,AB1-ATC,1,AB1,43465,20181231,2018 Q4,Partially Realized,123906000,134483589,301000,341539,195056000,221356766,EUR,1.134837,1.577
13,1,AB1-ATC,1,AB1,43555,20190331,2019 Q1,Partially Realized,123906000,134483589,468000,529142,202419000,227392242,EUR,1.123374,1.637
14,1,AB1-ATC,1,AB1,43646,20190630,2019 Q2,Partially Realized,123906000,134483589,647000,727059,209782000,231952181,EUR,1.105682,1.698
15,1,AB1-ATC,1,AB1,43738,20190930,2019 Q3,Partially Realized,123906000,134483589,837000,935519,217145000,238242808,EUR,1.09716,1.759
16,1,AB1-ATC,1,AB1,43830,20191231,2019 Q4,Partially Realized,123906000,134483589,1038000,1155553,200442000,219423056,EUR,1.094696,1.626
17,1,AB1-ATC,1,AB1,43921,20200331,2020 Q1,Partially Realized,123906000,134483589,1251000,1387829,183738000,200366105,EUR,1.090499,1.493
18,1,AB1-ATC,1,AB1,44012,20200630,2020 Q2,Partially Realized,123906000,134483589,1475000,1629864,167035000,180483823,EUR,1.080515,1.36
19,1,AB1-ATC,1,AB1,44104,20200930,2020 Q3,Partially Realized,123906000,134483589,1710000,1883578,150331000,162302760,EUR,1.079636,1.227
20,1,AB1-ATC,1,AB1,44196,20201231,2020 Q4,Partially Realized,123906000,134483589,1957000,2151479,133628000,144935735,EUR,1.084621,1.094
21,1,AB1-ATC,1,AB1,44286,20210331,2021 Q1,Partially Realized,123906000,134483589,2215000,2428354,116924000,125477809,EUR,1.073157,0.962
22,1,AB1-ATC,1,AB1,44377,20210630,2021 Q2,Partially Realized,123906000,134483589,2484000,2712374,100221000,105817140,EUR,1.055838,0.829
23,1,AB1-ATC,1,AB1,44469,20210930,2021 Q3,Partially Realized,123906000,134483589,2765000,3006686,83517000,87473534,EUR,1.047374,0.696
24,1,AB1-ATC,1,AB1,44561,20211231,2021 Q4,Partially Realized,123906000,134483589,3057000,3311690,66814000,69789428,EUR,1.044533,0.564
25,1,AB1-ATC,1,AB1,44651,20220331,2022 Q1,Partially Realized,123906000,134483589,3360000,3623963,50110000,51643516,EUR,1.030603,0.432
26,1,AB1-ATC,1,AB1,44742,20220630,2022 Q2,Partially Realized,123906000,134483589,3675000,3942458,33407000,33777617,EUR,1.011094,0.299
27,1,AB1-ATC,1,AB1,44834,20220930,2022 Q3,Partially Realized,123906000,134483589,46996000,47265581,16703000,16703818,EUR,1.000049,0.514
28,1,AB1-ATC,1,AB1,44926,20221231,2022 Q4,Realized,123906000,134483589,219315000,218610634,0,0,EUR,0.994348,1.77
29,1,AB1-ATC,1,AB1,45016,20230331,2023 Q1,Realized,123906000,134483589,219315000,218610634,0,0,EUR,0.982912,1.77
30,1,AB1-ATC,1,AB1,45107,20230630,2023 Q2,Realized,123906000,134483589,219315000,218610634,0,0,EUR,0.966214,1.77
31,1,AB1-ATC,1,AB1,45199,20230930,2023 Q3,Realized,123906000,134483589,219315000,218610634,0,0,EUR,0.957615,1.77
32,1,AB1-ATC,1,AB1,45291,20231231,2023 Q4,Realized,123906000,134483589,219315000,218610634,0,0,EUR,0.954151,1.77
33,1,AB1-ATC,1,AB1,45382,20240331,2024 Q1,Realized,123906000,134483589,219315000,218610634,0,0,EUR,0.950049,1.77
34,1,AB1-ATC,1,AB1,45473,20240630,2024 Q2,Realized,123906000,134483589,219315000,218610634,0,0,EUR,0.941057,1.77
35,1,AB1-ATC,1,AB1,45565,20240930,2024 Q3,Realized,123906000,134483589,219315000,218610634,0,0,EUR,0.940081,1.77
36,1,AB1-ATC,1,AB1,45657,20241231,2024 Q4,Realized,123906000,134483589,219315000,218610634,0,0,EUR,0.944067,1.77
37,1,AB1-ATC,1,AB1,45747,20250331,2025 Q1,Realized,123906000,134483589,219315000,218610634,0,0,EUR,0.940037,1.77
38,1,AB1-ATC,1,AB1,45838,20250630,2025 Q2,Realized,123906000,134483589,219315000,218610634,0,0,EUR,0.931099,1.77
39,1,AB1-ATC,1,AB1,45930,20250930,2025 Q3,Realized,123906000,134483589,219315000,218610634,0,0,EUR,0.930093,1.77
40,1,AB1-ATC,1,AB1,46022,20251231,2025 Q4,Realized,123906000,134483589,219315000,218610634,0,0,EUR,0.933997,1.77
41,2,AB1-NTS,1,AB1,42551,20160630,2016 Q2,Active,86590000,93139841,0,0,83127000,89414893,EUR,1.075642,0.96
42,2,AB1-NTS,1,AB1,42643,20160930,2016 Q3,Active,111013000,119324203,0,0,106572000,114257866,EUR,1.072119,0.96
43,2,AB1-NTS,1,AB1,42735,20161231,2016 Q4,Active,111013000,119324203,0,0,115676000,124300456,EUR,1.074557,1.042
44,2,AB1-NTS,1,AB1,42825,20170331,2017 Q1,Active,111013000,119324203,0,0,122558000,134200152,EUR,1.094993,1.104
45,2,AB1-NTS,1,AB1,42916,20170630,2017 Q2,Active,111013000,119324203,0,0,129441000,143650256,EUR,1.109774,1.166
46,2,AB1-NTS,1,AB1,43008,20170930,2017 Q3,Active,111013000,119324203,0,0,136324000,154582555,EUR,1.133935,1.228
47,2,AB1-NTS,1,AB1,43100,20171231,2017 Q4,Active,111013000,119324203,0,0,143207000,166783598,EUR,1.164633,1.29
48,2,AB1-NTS,1,AB1,43190,20180331,2018 Q1,Active,111013000,119324203,0,0,150090000,173489481,EUR,1.155903,1.352
49,2,AB1-NTS,1,AB1,43281,20180630,2018 Q2,Active,111013000,119324203,0,0,156972000,179021700,EUR,1.140469,1.414
50,2,AB1-NTS,1,AB1,43373,20180930,2018 Q3,Active,111013000,119324203,0,0,163855000,185894972,EUR,1.134509,1.476
51,2,AB1-NTS,1,AB1,43465,20181231,2018 Q4,Partially Realized,111013000,119324203,140000,158877,170738000,193759800,EUR,1.134837,1.539
52,2,AB1-NTS,1,AB1,43555,20190331,2019 Q1,Partially Realized,111013000,119324203,289000,326260,177621000,199534813,EUR,1.123374,1.603
53,2,AB1-NTS,1,AB1,43646,20190630,2019 Q2,Partially Realized,111013000,119324203,447000,500958,184504000,204002752,EUR,1.105682,1.666
54,2,AB1-NTS,1,AB1,43738,20190930,2019 Q3,Partially Realized,111013000,119324203,614000,684184,191386000,209981064,EUR,1.09716,1.73
55,2,AB1-NTS,1,AB1,43830,20191231,2019 Q4,Partially Realized,111013000,119324203,791000,877945,198269000,217044281,EUR,1.094696,1.793
56,2,AB1-NTS,1,AB1,43921,20200331,2020 Q1,Partially Realized,111013000,119324203,977000,1080778,205152000,223718051,EUR,1.090499,1.857
57,2,AB1-NTS,1,AB1,44012,20200630,2020 Q2,Partially Realized,111013000,119324203,1172000,1291478,191475000,206891610,EUR,1.080515,1.735
58,2,AB1-NTS,1,AB1,44104,20200930,2020 Q3,Partially Realized,111013000,119324203,1377000,1512803,177798000,191957122,EUR,1.079636,1.614
59,2,AB1-NTS,1,AB1,44196,20201231,2020 Q4,Partially Realized,111013000,119324203,1591000,1744912,164122000,178010168,EUR,1.084621,1.493
60,2,AB1-NTS,1,AB1,44286,20210331,2021 Q1,Partially Realized,111013000,119324203,1814000,1984226,150445000,161451105,EUR,1.073157,1.372
61,2,AB1-NTS,1,AB1,44377,20210630,2021 Q2,Partially Realized,111013000,119324203,2047000,2230236,136768000,144404852,EUR,1.055838,1.25
62,2,AB1-NTS,1,AB1,44469,20210930,2021 Q3,Partially Realized,111013000,119324203,2289000,2483701,123091000,128922313,EUR,1.047374,1.129
63,2,AB1-NTS,1,AB1,44561,20211231,2021 Q4,Partially Realized,111013000,119324203,2540000,2745879,109414000,114286534,EUR,1.044533,1.008
64,2,AB1-NTS,1,AB1,44651,20220331,2022 Q1,Partially Realized,111013000,119324203,2801000,3014866,95738000,98667870,EUR,1.030603,0.888
65,2,AB1-NTS,1,AB1,44742,20220630,2022 Q2,Partially Realized,111013000,119324203,3071000,3287861,82061000,82971385,EUR,1.011094,0.767
66,2,AB1-NTS,1,AB1,44834,20220930,2022 Q3,Partially Realized,111013000,119324203,3350000,3566875,68384000,68387351,EUR,1.000049,0.646
67,2,AB1-NTS,1,AB1,44926,20221231,2022 Q4,Partially Realized,111013000,119324203,3638000,3853247,54707000,54397796,EUR,0.994348,0.526
68,2,AB1-NTS,1,AB1,45016,20230331,2023 Q1,Partially Realized,111013000,119324203,3936000,4146155,41030000,40328879,EUR,0.982912,0.405
69,2,AB1-NTS,1,AB1,45107,20230630,2023 Q2,Partially Realized,111013000,119324203,4243000,4442783,27354000,26429818,EUR,0.966214,0.285
70,2,AB1-NTS,1,AB1,45199,20230930,2023 Q3,Partially Realized,111013000,119324203,45101000,43569017,13677000,13097300,EUR,0.957615,0.529
71,2,AB1-NTS,1,AB1,45291,20231231,2023 Q4,Realized,111013000,119324203,207594000,198611875,0,0,EUR,0.954151,1.87
72,2,AB1-NTS,1,AB1,45382,20240331,2024 Q1,Realized,111013000,119324203,207594000,198611875,0,0,EUR,0.950049,1.87
73,2,AB1-NTS,1,AB1,45473,20240630,2024 Q2,Realized,111013000,119324203,207594000,198611875,0,0,EUR,0.941057,1.87
74,2,AB1-NTS,1,AB1,45565,20240930,2024 Q3,Realized,111013000,119324203,207594000,198611875,0,0,EUR,0.940081,1.87
75,2,AB1-NTS,1,AB1,45657,20241231,2024 Q4,Realized,111013000,119324203,207594000,198611875,0,0,EUR,0.944067,1.87
76,2,AB1-NTS,1,AB1,45747,20250331,2025 Q1,Realized,111013000,119324203,207594000,198611875,0,0,EUR,0.940037,1.87
77,2,AB1-NTS,1,AB1,45838,20250630,2025 Q2,Realized,111013000,119324203,207594000,198611875,0,0,EUR,0.931099,1.87
78,2,AB1-NTS,1,AB1,45930,20250930,2025 Q3,Realized,111013000,119324203,207594000,198611875,0,0,EUR,0.930093,1.87
79,2,AB1-NTS,1,AB1,46022,20251231,2025 Q4,Realized,111013000,119324203,207594000,198611875,0,0,EUR,0.933997,1.87
80,3,AB1-IBP,1,AB1,42735,20161231,2016 Q4,Active,71113000,76414972,0,0,68268000,73357857,EUR,1.074557,0.96
81,3,AB1-IBP,1,AB1,42825,20170331,2017 Q1,Active,91170000,98377247,0,0,87523000,95837072,EUR,1.094993,0.96
82,3,AB1-IBP,1,AB1,42916,20170630,2017 Q2,Active,91170000,98377247,0,0,94264000,104611736,EUR,1.109774,1.034
83,3,AB1-IBP,1,AB1,43008,20170930,2017 Q3,Active,91170000,98377247,0,0,99181000,112464807,EUR,1.133935,1.088
84,3,AB1-IBP,1,AB1,43100,20171231,2017 Q4,Active,91170000,98377247,0,0,104098000,121235966,EUR,1.164633,1.142
85,3,AB1-IBP,1,AB1,43190,20180331,2018 Q1,Active,91170000,98377247,0,0,109015000,126010766,EUR,1.155903,1.196
86,3,AB1-IBP,1,AB1,43281,20180630,2018 Q2,Active,91170000,98377247,0,0,113932000,129935914,EUR,1.140469,1.25
87,3,AB1-IBP,1,AB1,43373,20180930,2018 Q3,Active,91170000,98377247,0,0,118849000,134835260,EUR,1.134509,1.304
88,3,AB1-IBP,1,AB1,43465,20181231,2018 Q4,Active,91170000,98377247,0,0,123766000,140454236,EUR,1.134837,1.358
89,3,AB1-IBP,1,AB1,43555,20190331,2019 Q1,Active,91170000,98377247,0,0,128683000,144559136,EUR,1.123374,1.411
90,3,AB1-IBP,1,AB1,43646,20190630,2019 Q2,Partially Realized,91170000,98377247,52000,57495,133600000,147719115,EUR,1.105682,1.466
91,3,AB1-IBP,1,AB1,43738,20190930,2019 Q3,Partially Realized,91170000,98377247,107000,117839,138518000,151976409,EUR,1.09716,1.521
92,3,AB1-IBP,1,AB1,43830,20191231,2019 Q4,Partially Realized,91170000,98377247,166000,182426,143435000,157017721,EUR,1.094696,1.575
93,3,AB1-IBP,1,AB1,43921,20200331,2020 Q1,Partially Realized,91170000,98377247,228000,250037,148352000,161777708,EUR,1.090499,1.63
94,3,AB1-IBP,1,AB1,44012,20200630,2020 Q2,Partially Realized,91170000,98377247,293000,320270,153269000,165609454,EUR,1.080515,1.684
95,3,AB1-IBP,1,AB1,44104,20200930,2020 Q3,Partially Realized,91170000,98377247,361000,393685,158186000,170783300,EUR,1.079636,1.739
96,3,AB1-IBP,1,AB1,44196,20201231,2020 Q4,Partially Realized,91170000,98377247,432000,470693,163103000,176904939,EUR,1.084621,1.794
97,3,AB1-IBP,1,AB1,44286,20210331,2021 Q1,Partially Realized,91170000,98377247,507000,551180,152909000,164095364,EUR,1.073157,1.683
98,3,AB1-IBP,1,AB1,44377,20210630,2021 Q2,Partially Realized,91170000,98377247,585000,633535,142715000,150683920,EUR,1.055838,1.572
99,3,AB1-IBP,1,AB1,44469,20210930,2021 Q3,Partially Realized,91170000,98377247,666000,718372,132521000,138799050,EUR,1.047374,1.461
100,3,AB1-IBP,1,AB1,44561,20211231,2021 Q4,Partially Realized,91170000,98377247,750000,806113,122327000,127774588,EUR,1.044533,1.35
101,3,AB1-IBP,1,AB1,44651,20220331,2022 Q1,Partially Realized,91170000,98377247,837000,895775,112133000,115564606,EUR,1.030603,1.239
102,3,AB1-IBP,1,AB1,44742,20220630,2022 Q2,Partially Realized,91170000,98377247,927000,986773,101939000,103069911,EUR,1.011094,1.128
103,3,AB1-IBP,1,AB1,44834,20220930,2022 Q3,Partially Realized,91170000,98377247,1021000,1080778,91745000,91749496,EUR,1.000049,1.018
104,3,AB1-IBP,1,AB1,44926,20221231,2022 Q4,Partially Realized,91170000,98377247,1118000,1177230,81552000,81091068,EUR,0.994348,0.907
105,3,AB1-IBP,1,AB1,45016,20230331,2023 Q1,Partially Realized,91170000,98377247,1218000,1275521,71358000,70138634,EUR,0.982912,0.796
106,3,AB1-IBP,1,AB1,45107,20230630,2023 Q2,Partially Realized,91170000,98377247,1321000,1375041,61164000,59097513,EUR,0.966214,0.685
107,3,AB1-IBP,1,AB1,45199,20230930,2023 Q3,Partially Realized,91170000,98377247,1427000,1476548,50970000,48809637,EUR,0.957615,0.575
108,3,AB1-IBP,1,AB1,45291,20231231,2023 Q4,Partially Realized,91170000,98377247,1536000,1580550,40776000,38906461,EUR,0.954151,0.464
109,3,AB1-IBP,1,AB1,45382,20240331,2024 Q1,Partially Realized,91170000,98377247,1649000,1687906,30582000,29054399,EUR,0.950049,0.354
110,3,AB1-IBP,1,AB1,45473,20240630,2024 Q2,Partially Realized,91170000,98377247,1765000,1797069,20388000,19186270,EUR,0.941057,0.243
111,3,AB1-IBP,1,AB1,45565,20240930,2024 Q3,Partially Realized,91170000,98377247,34304000,32386365,10194000,9583186,EUR,0.940081,0.488
112,3,AB1-IBP,1,AB1,45657,20241231,2024 Q4,Realized,91170000,98377247,164106000,154928150,0,0,EUR,0.944067,1.8
113,3,AB1-IBP,1,AB1,45747,20250331,2025 Q1,Realized,91170000,98377247,164106000,154928150,0,0,EUR,0.940037,1.8
114,3,AB1-IBP,1,AB1,45838,20250630,2025 Q2,Realized,91170000,98377247,164106000,154928150,0,0,EUR,0.931099,1.8
115,3,AB1-IBP,1,AB1,45930,20250930,2025 Q3,Realized,91170000,98377247,164106000,154928150,0,0,EUR,0.930093,1.8
116,3,AB1-IBP,1,AB1,46022,20251231,2025 Q4,Realized,91170000,98377247,164106000,154928150,0,0,EUR,0.933997,1.8
117,4,AB1-ATL,1,AB1,42916,20170630,2017 Q2,Active,51895000,57591722,0,0,49819000,55287831,EUR,1.109774,0.96
118,4,AB1-ATL,1,AB1,43008,20170930,2017 Q3,Active,66532000,74189129,0,0,63871000,72425562,EUR,1.133935,0.96
119,4,AB1-ATL,1,AB1,43100,20171231,2017 Q4,Active,66532000,74189129,0,0,68389000,79648086,EUR,1.164633,1.028
120,4,AB1-ATL,1,AB1,43190,20180331,2018 Q1,Active,66532000,74189129,0,0,71576000,82734913,EUR,1.155903,1.076
121,4,AB1-ATL,1,AB1,43281,20180630,2018 Q2,Active,66532000,74189129,0,0,74763000,85264884,EUR,1.140469,1.124
122,4,AB1-ATL,1,AB1,43373,20180930,2018 Q3,Active,66532000,74189129,0,0,77951000,88436111,EUR,1.134509,1.172
123,4,AB1-ATL,1,AB1,43465,20181231,2018 Q4,Active,66532000,74189129,0,0,81138000,92078405,EUR,1.134837,1.22
124,4,AB1-ATL,1,AB1,43555,20190331,2019 Q1,Active,66532000,74189129,0,0,84325000,94728513,EUR,1.123374,1.267
125,4,AB1-ATL,1,AB1,43646,20190630,2019 Q2,Active,66532000,74189129,0,0,87512000,96760443,EUR,1.105682,1.315
126,4,AB1-ATL,1,AB1,43738,20190930,2019 Q3,Active,66532000,74189129,0,0,90700000,99512412,EUR,1.09716,1.363
127,4,AB1-ATL,1,AB1,43830,20191231,2019 Q4,Partially Realized,66532000,74189129,75000,82102,93887000,102777723,EUR,1.094696,1.412
128,4,AB1-ATL,1,AB1,43921,20200331,2020 Q1,Partially Realized,66532000,74189129,154000,168251,97074000,105859100,EUR,1.090499,1.461
129,4,AB1-ATL,1,AB1,44012,20200630,2020 Q2,Partially Realized,66532000,74189129,237000,257934,100262000,108334595,EUR,1.080515,1.511
130,4,AB1-ATL,1,AB1,44104,20200930,2020 Q3,Partially Realized,66532000,74189129,325000,352942,103449000,111687265,EUR,1.079636,1.56
131,4,AB1-ATL,1,AB1,44196,20201231,2020 Q4,Partially Realized,66532000,74189129,417000,452727,106636000,115659645,EUR,1.084621,1.609
132,4,AB1-ATL,1,AB1,44286,20210331,2021 Q1,Partially Realized,66532000,74189129,513000,555750,109823000,117857321,EUR,1.073157,1.658
133,4,AB1-ATL,1,AB1,44377,20210630,2021 Q2,Partially Realized,66532000,74189129,613000,661334,113011000,119321308,EUR,1.055838,1.708
134,4,AB1-ATL,1,AB1,44469,20210930,2021 Q3,Partially Realized,66532000,74189129,717000,770261,116198000,121702764,EUR,1.047374,1.757
135,4,AB1-ATL,1,AB1,44561,20211231,2021 Q4,Partially Realized,66532000,74189129,825000,883071,111386000,116346353,EUR,1.044533,1.687
136,4,AB1-ATL,1,AB1,44651,20220331,2022 Q1,Partially Realized,66532000,74189129,938000,999529,106574000,109835484,EUR,1.030603,1.616
137,4,AB1-ATL,1,AB1,44742,20220630,2022 Q2,Partially Realized,66532000,74189129,1055000,1117827,101761000,102889937,EUR,1.011094,1.545
138,4,AB1-ATL,1,AB1,44834,20220930,2022 Q3,Partially Realized,66532000,74189129,1176000,1238833,96949000,96953751,EUR,1.000049,1.475
139,4,AB1-ATL,1,AB1,44926,20221231,2022 Q4,Partially Realized,66532000,74189129,1301000,1363127,92137000,91616242,EUR,0.994348,1.404
140,4,AB1-ATL,1,AB1,45016,20230331,2023 Q1,Partially Realized,66532000,74189129,1430000,1489923,87325000,85832790,EUR,0.982912,1.334
141,4,AB1-ATL,1,AB1,45107,20230630,2023 Q2,Partially Realized,66532000,74189129,1563000,1618429,82513000,79725216,EUR,0.966214,1.264
142,4,AB1-ATL,1,AB1,45199,20230930,2023 Q3,Partially Realized,66532000,74189129,1701000,1750580,77700000,74406686,EUR,0.957615,1.193
143,4,AB1-ATL,1,AB1,45291,20231231,2023 Q4,Partially Realized,66532000,74189129,1843000,1886069,72888000,69546158,EUR,0.954151,1.123
144,4,AB1-ATL,1,AB1,45382,20240331,2024 Q1,Partially Realized,66532000,74189129,1989000,2024776,68076000,64675536,EUR,0.950049,1.053
145,4,AB1-ATL,1,AB1,45473,20240630,2024 Q2,Partially Realized,66532000,74189129,2139000,2165935,63264000,59535030,EUR,0.941057,0.983
146,4,AB1-ATL,1,AB1,45565,20240930,2024 Q3,Partially Realized,66532000,74189129,2293000,2310707,58451000,54948675,EUR,0.940081,0.913
147,4,AB1-ATL,1,AB1,45657,20241231,2024 Q4,Partially Realized,66532000,74189129,2451000,2459870,53639000,50638810,EUR,0.944067,0.843
148,4,AB1-ATL,1,AB1,45747,20250331,2025 Q1,Partially Realized,66532000,74189129,2614000,2613096,48827000,45899187,EUR,0.940037,0.773
149,4,AB1-ATL,1,AB1,45838,20250630,2025 Q2,Partially Realized,66532000,74189129,2781000,2768590,44015000,40982322,EUR,0.931099,0.703
150,4,AB1-ATL,1,AB1,45930,20250930,2025 Q3,Partially Realized,66532000,74189129,19001000,17854698,39203000,36462436,EUR,0.930093,0.875
151,4,AB1-ATL,1,AB1,46022,20251231,2025 Q4,Partially Realized,66532000,74189129,83372000,77977019,34390000,32120157,EUR,0.933997,1.77
152,5,AB1-BSS,1,AB1,43100,20171231,2017 Q4,Active,40643000,47334179,0,0,39018000,45441650,EUR,1.164633,0.96
153,5,AB1-BSS,1,AB1,43190,20180331,2018 Q1,Active,52107000,60585451,0,0,50023000,57821736,EUR,1.155903,0.96
154,5,AB1-BSS,1,AB1,43281,20180630,2018 Q2,Active,52107000,60585451,0,0,53681000,61221516,EUR,1.140469,1.03
155,5,AB1-BSS,1,AB1,43373,20180930,2018 Q3,Active,52107000,60585451,0,0,56296000,63868319,EUR,1.134509,1.08
156,5,AB1-BSS,1,AB1,43465,20181231,2018 Q4,Active,52107000,60585451,0,0,58912000,66855517,EUR,1.134837,1.131
157,5,AB1-BSS,1,AB1,43555,20190331,2019 Q1,Active,52107000,60585451,0,0,61528000,69118955,EUR,1.123374,1.181
158,5,AB1-BSS,1,AB1,43646,20190630,2019 Q2,Active,52107000,60585451,0,0,64144000,70922866,EUR,1.105682,1.231
159,5,AB1-BSS,1,AB1,43738,20190930,2019 Q3,Active,52107000,60585451,0,0,66759000,73245304,EUR,1.09716,1.281
160,5,AB1-BSS,1,AB1,43830,20191231,2019 Q4,Active,52107000,60585451,0,0,69375000,75944535,EUR,1.094696,1.331
161,5,AB1-BSS,1,AB1,43921,20200331,2020 Q1,Active,52107000,60585451,0,0,71991000,78506114,EUR,1.090499,1.382
162,5,AB1-BSS,1,AB1,44012,20200630,2020 Q2,Partially Realized,52107000,60585451,46000,49704,74607000,80613983,EUR,1.080515,1.433
163,5,AB1-BSS,1,AB1,44104,20200930,2020 Q3,Partially Realized,52107000,60585451,95000,102606,77222000,83371651,EUR,1.079636,1.484
164,5,AB1-BSS,1,AB1,44196,20201231,2020 Q4,Partially Realized,52107000,60585451,147000,159006,79838000,86593971,EUR,1.084621,1.535
165,5,AB1-BSS,1,AB1,44286,20210331,2021 Q1,Partially Realized,52107000,60585451,202000,218030,82454000,88486087,EUR,1.073157,1.586
166,5,AB1-BSS,1,AB1,44377,20210630,2021 Q2,Partially Realized,52107000,60585451,259000,278213,85070000,89820139,EUR,1.055838,1.638
167,5,AB1-BSS,1,AB1,44469,20210930,2021 Q3,Partially Realized,52107000,60585451,319000,341055,87685000,91838989,EUR,1.047374,1.689
168,5,AB1-BSS,1,AB1,44561,20211231,2021 Q4,Partially Realized,52107000,60585451,382000,406861,90301000,94322374,EUR,1.044533,1.74
169,5,AB1-BSS,1,AB1,44651,20220331,2022 Q1,Partially Realized,52107000,60585451,448000,474881,87731000,90415832,EUR,1.030603,1.692
170,5,AB1-BSS,1,AB1,44742,20220630,2022 Q2,Partially Realized,52107000,60585451,517000,544646,85161000,86105776,EUR,1.011094,1.644
171,5,AB1-BSS,1,AB1,44834,20220930,2022 Q3,Partially Realized,52107000,60585451,588000,615649,82591000,82595047,EUR,1.000049,1.596
172,5,AB1-BSS,1,AB1,44926,20221231,2022 Q4,Partially Realized,52107000,60585451,662000,689231,80020000,79567727,EUR,0.994348,1.548
173,5,AB1-BSS,1,AB1,45016,20230331,2023 Q1,Partially Realized,52107000,60585451,739000,764915,77450000,76126534,EUR,0.982912,1.501
174,5,AB1-BSS,1,AB1,45107,20230630,2023 Q2,Partially Realized,52107000,60585451,819000,842212,74880000,72350104,EUR,0.966214,1.453
175,5,AB1-BSS,1,AB1,45199,20230930,2023 Q3,Partially Realized,52107000,60585451,902000,921694,72310000,69245141,EUR,0.957615,1.405
176,5,AB1-BSS,1,AB1,45291,20231231,2023 Q4,Partially Realized,52107000,60585451,987000,1002797,69740000,66542491,EUR,0.954151,1.357
177,5,AB1-BSS,1,AB1,45382,20240331,2024 Q1,Partially Realized,52107000,60585451,1075000,1086401,67170000,63814791,EUR,0.950049,1.31
178,5,AB1-BSS,1,AB1,45473,20240630,2024 Q2,Partially Realized,52107000,60585451,1166000,1172037,64599000,60791341,EUR,0.941057,1.262
179,5,AB1-BSS,1,AB1,45565,20240930,2024 Q3,Partially Realized,52107000,60585451,15343000,14499565,62029000,58312284,EUR,0.940081,1.485
180,5,AB1-BSS,1,AB1,45657,20241231,2024 Q4,Partially Realized,52107000,60585451,15440000,14591139,59459000,56133280,EUR,0.944067,1.437
181,5,AB1-BSS,1,AB1,45747,20250331,2025 Q1,Partially Realized,52107000,60585451,15539000,14684203,56889000,53477765,EUR,0.940037,1.39
182,5,AB1-BSS,1,AB1,45838,20250630,2025 Q2,Partially Realized,52107000,60585451,15641000,14779175,54319000,50576367,EUR,0.931099,1.343
183,5,AB1-BSS,1,AB1,45930,20250930,2025 Q3,Partially Realized,52107000,60585451,41900000,39202487,51749000,48131383,EUR,0.930093,1.797
184,5,AB1-BSS,1,AB1,46022,20251231,2025 Q4,Partially Realized,52107000,60585451,42008000,39303359,49179000,45933038,EUR,0.933997,1.75
185,6,AB1-RHG,1,AB1,43373,20180930,2018 Q3,Active,60998000,69202780,0,0,58558000,66434578,EUR,1.134509,0.96
186,6,AB1-RHG,1,AB1,43465,20181231,2018 Q4,Active,78202000,88726516,0,0,75074000,85196753,EUR,1.134837,0.96
187,6,AB1-RHG,1,AB1,43555,20190331,2019 Q1,Active,78202000,88726516,0,0,81886000,91988603,EUR,1.123374,1.047
188,6,AB1-RHG,1,AB1,43646,20190630,2019 Q2,Active,78202000,88726516,0,0,87134000,96342495,EUR,1.105682,1.114
189,6,AB1-RHG,1,AB1,43738,20190930,2019 Q3,Active,78202000,88726516,0,0,92382000,101357835,EUR,1.09716,1.181
190,6,AB1-RHG,1,AB1,43830,20191231,2019 Q4,Active,78202000,88726516,0,0,97630000,106875170,EUR,1.094696,1.248
191,6,AB1-RHG,1,AB1,43921,20200331,2020 Q1,Active,78202000,88726516,0,0,102878000,112188356,EUR,1.090499,1.316
192,6,AB1-RHG,1,AB1,44012,20200630,2020 Q2,Active,78202000,88726516,0,0,108126000,116831765,EUR,1.080515,1.383
193,6,AB1-RHG,1,AB1,44104,20200930,2020 Q3,Active,78202000,88726516,0,0,113373000,122401572,EUR,1.079636,1.45
194,6,AB1-RHG,1,AB1,44196,20201231,2020 Q4,Active,78202000,88726516,0,0,118621000,128658828,EUR,1.084621,1.517
195,6,AB1-RHG,1,AB1,44286,20210331,2021 Q1,Partially Realized,78202000,88726516,49000,52585,123869000,132930884,EUR,1.073157,1.585
196,6,AB1-RHG,1,AB1,44377,20210630,2021 Q2,Partially Realized,78202000,88726516,102000,108544,129117000,136326635,EUR,1.055838,1.652
197,6,AB1-RHG,1,AB1,44469,20210930,2021 Q3,Partially Realized,78202000,88726516,158000,167197,134365000,140730408,EUR,1.047374,1.72
198,6,AB1-RHG,1,AB1,44561,20211231,2021 Q4,Partially Realized,78202000,88726516,218000,229869,139613000,145830386,EUR,1.044533,1.788
199,6,AB1-RHG,1,AB1,44651,20220331,2022 Q1,Partially Realized,78202000,88726516,281000,294797,144861000,149294181,EUR,1.030603,1.856
200,6,AB1-RHG,1,AB1,44742,20220630,2022 Q2,Partially Realized,78202000,88726516,348000,362540,150109000,151774309,EUR,1.011094,1.924
201,6,AB1-RHG,1,AB1,44834,20220930,2022 Q3,Partially Realized,78202000,88726516,418000,432543,147918000,147925248,EUR,1.000049,1.897
202,6,AB1-RHG,1,AB1,44926,20221231,2022 Q4,Partially Realized,78202000,88726516,491000,505130,145726000,144902357,EUR,0.994348,1.87
203,6,AB1-RHG,1,AB1,45016,20230331,2023 Q1,Partially Realized,78202000,88726516,568000,580814,143535000,141082274,EUR,0.982912,1.843
204,6,AB1-RHG,1,AB1,45107,20230630,2023 Q2,Partially Realized,78202000,88726516,648000,658111,141344000,136568552,EUR,0.966214,1.816
205,6,AB1-RHG,1,AB1,45199,20230930,2023 Q3,Partially Realized,78202000,88726516,732000,738551,139152000,133254042,EUR,0.957615,1.789
206,6,AB1-RHG,1,AB1,45291,20231231,2023 Q4,Partially Realized,78202000,88726516,819000,821562,136961000,130681475,EUR,0.954151,1.762
207,6,AB1-RHG,1,AB1,45382,20240331,2024 Q1,Partially Realized,78202000,88726516,910000,908016,134770000,128038104,EUR,0.950049,1.735
208,6,AB1-RHG,1,AB1,45473,20240630,2024 Q2,Partially Realized,78202000,88726516,1004000,996475,132578000,124763455,EUR,0.941057,1.708
209,6,AB1-RHG,1,AB1,45565,20240930,2024 Q3,Partially Realized,78202000,88726516,11552000,10912449,130387000,122574341,EUR,0.940081,1.815
210,6,AB1-RHG,1,AB1,45657,20241231,2024 Q4,Partially Realized,78202000,88726516,11653000,11007800,128195000,121024669,EUR,0.944067,1.788
211,6,AB1-RHG,1,AB1,45747,20250331,2025 Q1,Partially Realized,78202000,88726516,11758000,11106504,126004000,118448422,EUR,0.940037,1.762
212,6,AB1-RHG,1,AB1,45838,20250630,2025 Q2,Partially Realized,78202000,88726516,11866000,11207063,123813000,115282160,EUR,0.931099,1.735
213,6,AB1-RHG,1,AB1,45930,20250930,2025 Q3,Partially Realized,78202000,88726516,31385000,29361548,121621000,113118841,EUR,0.930093,1.957
214,6,AB1-RHG,1,AB1,46022,20251231,2025 Q4,Partially Realized,78202000,88726516,31500000,29468958,119430000,111547262,EUR,0.933997,1.93
215,7,BG2-NDC,2,BG2,43555,20190331,2019 Q1,Active,46048000,45273012,0,0,44206000,43462013,USD,0.98317,0.96
216,7,BG2-NDC,2,BG2,43646,20190630,2019 Q2,Active,65235000,63992425,0,0,62626000,61099804,USD,0.97563,0.96
217,7,BG2-NDC,2,BG2,43738,20190930,2019 Q3,Active,76747000,75240420,0,0,73677000,71987365,USD,0.977067,0.96
218,7,BG2-NDC,2,BG2,43830,20191231,2019 Q4,Active,76747000,75240420,0,0,81400000,79321451,USD,0.974465,1.061
219,7,BG2-NDC,2,BG2,43921,20200331,2020 Q1,Active,76747000,75240420,0,0,87588000,83065744,USD,0.948369,1.141
220,7,BG2-NDC,2,BG2,44012,20200630,2020 Q2,Active,76747000,75240420,0,0,93775000,86853467,USD,0.92619,1.222
221,7,BG2-NDC,2,BG2,44104,20200930,2020 Q3,Active,76747000,75240420,0,0,99963000,91190247,USD,0.91224,1.303
222,7,BG2-NDC,2,BG2,44196,20201231,2020 Q4,Active,76747000,75240420,0,0,106151000,94923727,USD,0.894233,1.383
223,7,BG2-NDC,2,BG2,44286,20210331,2021 Q1,Partially Realized,76747000,75240420,12000,10746,112339000,100595755,USD,0.895466,1.464
224,7,BG2-NDC,2,BG2,44377,20210630,2021 Q2,Partially Realized,76747000,75240420,25000,22455,118526000,106752220,USD,0.900665,1.545
225,7,BG2-NDC,2,BG2,44469,20210930,2021 Q3,Partially Realized,76747000,75240420,39000,35255,124714000,114022518,USD,0.914272,1.626
226,7,BG2-NDC,2,BG2,44561,20211231,2021 Q4,Partially Realized,76747000,75240420,54000,49116,130902000,120962218,USD,0.924067,1.706
227,7,BG2-NDC,2,BG2,44651,20220331,2022 Q1,Partially Realized,76747000,75240420,70000,63845,137090000,126196417,USD,0.920537,1.787
228,7,BG2-NDC,2,BG2,44742,20220630,2022 Q2,Partially Realized,76747000,75240420,87000,79497,143277000,131916567,USD,0.92071,1.868
229,7,BG2-NDC,2,BG2,44834,20220930,2022 Q3,Partially Realized,76747000,75240420,105000,96226,149465000,138912771,USD,0.9294,1.949
230,7,BG2-NDC,2,BG2,44926,20221231,2022 Q4,Partially Realized,76747000,75240420,123000,113041,138875000,129732442,USD,0.934167,1.811
231,7,BG2-NDC,2,BG2,45016,20230331,2023 Q1,Partially Realized,76747000,75240420,142000,130351,128286000,116874960,USD,0.91105,1.673
232,7,BG2-NDC,2,BG2,45107,20230630,2023 Q2,Partially Realized,76747000,75240420,162000,148179,117696000,104913273,USD,0.891392,1.536
233,7,BG2-NDC,2,BG2,45199,20230930,2023 Q3,Partially Realized,76747000,75240420,183000,166652,107107000,94219779,USD,0.879679,1.398
234,7,BG2-NDC,2,BG2,45291,20231231,2023 Q4,Partially Realized,76747000,75240420,205000,185662,96517000,83397541,USD,0.864071,1.26
235,7,BG2-NDC,2,BG2,45382,20240331,2024 Q1,Partially Realized,76747000,75240420,228000,205513,85928000,74161707,USD,0.863068,1.123
236,7,BG2-NDC,2,BG2,45473,20240630,2024 Q2,Partially Realized,76747000,75240420,252000,226296,75338000,65239016,USD,0.865951,0.985
237,7,BG2-NDC,2,BG2,45565,20240930,2024 Q3,Partially Realized,76747000,75240420,277000,248217,64749000,56773477,USD,0.876824,0.847
238,7,BG2-NDC,2,BG2,45657,20241231,2024 Q4,Partially Realized,76747000,75240420,303000,271198,54159000,47870111,USD,0.883881,0.71
239,7,BG2-NDC,2,BG2,45747,20250331,2025 Q1,Partially Realized,76747000,75240420,329000,294156,43570000,38472179,USD,0.882997,0.572
240,7,BG2-NDC,2,BG2,45838,20250630,2025 Q2,Partially Realized,76747000,75240420,25733000,22798543,32980000,29215663,USD,0.88586,0.765
241,7,BG2-NDC,2,BG2,45930,20250930,2025 Q3,Partially Realized,76747000,75240420,127267000,113863778,22391000,20082354,USD,0.896894,1.95
242,7,BG2-NDC,2,BG2,46022,20251231,2025 Q4,Partially Realized,76747000,75240420,127267000,113863778,22391000,20242024,USD,0.904025,1.95
243,8,BG2-PCA,2,BG2,43738,20190930,2019 Q3,Active,35798000,34977044,0,0,34366000,33577885,USD,0.977067,0.96
244,8,BG2-PCA,2,BG2,43830,20191231,2019 Q4,Active,50714000,49512164,0,0,48685000,47441829,USD,0.974465,0.96
245,8,BG2-PCA,2,BG2,43921,20200331,2020 Q1,Active,59663000,57999118,0,0,57276000,54318783,USD,0.948369,0.96
246,8,BG2-PCA,2,BG2,44012,20200630,2020 Q2,Active,59663000,57999118,0,0,62578000,57959118,USD,0.92619,1.049
247,8,BG2-PCA,2,BG2,44104,20200930,2020 Q3,Active,59663000,57999118,0,0,66687000,60834549,USD,0.91224,1.118
248,8,BG2-PCA,2,BG2,44196,20201231,2020 Q4,Active,59663000,57999118,0,0,70795000,63307225,USD,0.894233,1.187
249,8,BG2-PCA,2,BG2,44286,20210331,2021 Q1,Active,59663000,57999118,0,0,74904000,67073985,USD,0.895466,1.255
250,8,BG2-PCA,2,BG2,44377,20210630,2021 Q2,Active,59663000,57999118,0,0,79013000,71164244,USD,0.900665,1.324
251,8,BG2-PCA,2,BG2,44469,20210930,2021 Q3,Partially Realized,59663000,57999118,10000,9143,83121000,75995203,USD,0.914272,1.393
252,8,BG2-PCA,2,BG2,44561,20211231,2021 Q4,Partially Realized,59663000,57999118,21000,19308,87230000,80606364,USD,0.924067,1.462
253,8,BG2-PCA,2,BG2,44651,20220331,2022 Q1,Partially Realized,59663000,57999118,33000,30354,91338000,84080009,USD,0.920537,1.531
254,8,BG2-PCA,2,BG2,44742,20220630,2022 Q2,Partially Realized,59663000,57999118,45000,41403,95447000,87879007,USD,0.92071,1.601
255,8,BG2-PCA,2,BG2,44834,20220930,2022 Q3,Partially Realized,59663000,57999118,58000,53485,99555000,92526417,USD,0.9294,1.67
256,8,BG2-PCA,2,BG2,44926,20221231,2022 Q4,Partially Realized,59663000,57999118,72000,66563,103664000,96839488,USD,0.934167,1.739
257,8,BG2-PCA,2,BG2,45016,20230331,2023 Q1,Partially Realized,59663000,57999118,87000,80229,98907000,90109222,USD,0.91105,1.659
258,8,BG2-PCA,2,BG2,45107,20230630,2023 Q2,Partially Realized,59663000,57999118,102000,93600,94150000,83924557,USD,0.891392,1.58
259,8,BG2-PCA,2,BG2,45199,20230930,2023 Q3,Partially Realized,59663000,57999118,118000,107675,89393000,78637145,USD,0.879679,1.5
260,8,BG2-PCA,2,BG2,45291,20231231,2023 Q4,Partially Realized,59663000,57999118,135000,122364,84637000,73132377,USD,0.864071,1.421
261,8,BG2-PCA,2,BG2,45382,20240331,2024 Q1,Partially Realized,59663000,57999118,153000,137899,79880000,68941872,USD,0.863068,1.341
262,8,BG2-PCA,2,BG2,45473,20240630,2024 Q2,Partially Realized,59663000,57999118,172000,154352,75123000,65052837,USD,0.865951,1.262
263,8,BG2-PCA,2,BG2,45565,20240930,2024 Q3,Partially Realized,59663000,57999118,20118000,17643484,70366000,61698598,USD,0.876824,1.517
264,8,BG2-PCA,2,BG2,45657,20241231,2024 Q4,Partially Realized,59663000,57999118,20138000,17661162,65609000,57990549,USD,0.883881,1.437
265,8,BG2-PCA,2,BG2,45747,20250331,2025 Q1,Partially Realized,59663000,57999118,20159000,17679705,60852000,53732133,USD,0.882997,1.358
266,8,BG2-PCA,2,BG2,45838,20250630,2025 Q2,Partially Realized,59663000,57999118,20181000,17699194,56096000,49693203,USD,0.88586,1.278
267,8,BG2-PCA,2,BG2,45930,20250930,2025 Q3,Partially Realized,59663000,57999118,57210000,50910282,51339000,46045641,USD,0.896894,1.819
268,8,BG2-PCA,2,BG2,46022,20251231,2025 Q4,Partially Realized,59663000,57999118,57233000,50931075,46582000,42111293,USD,0.904025,1.74
269,9,BG2-HHT,2,BG2,43921,20200331,2020 Q1,Active,25585000,24264021,0,0,24561000,23292891,USD,0.948369,0.96
270,9,BG2-HHT,2,BG2,44012,20200630,2020 Q2,Active,36245000,34137206,0,0,34795000,32226781,USD,0.92619,0.96
271,9,BG2-HHT,2,BG2,44104,20200930,2020 Q3,Active,42641000,39971893,0,0,40935000,37342544,USD,0.91224,0.96
272,9,BG2-HHT,2,BG2,44196,20201231,2020 Q4,Active,42641000,39971893,0,0,45359000,40561515,USD,0.894233,1.064
273,9,BG2-HHT,2,BG2,44286,20210331,2021 Q1,Active,42641000,39971893,0,0,48931000,43816047,USD,0.895466,1.148
274,9,BG2-HHT,2,BG2,44377,20210630,2021 Q2,Active,42641000,39971893,0,0,52502000,47286714,USD,0.900665,1.231
275,9,BG2-HHT,2,BG2,44469,20210930,2021 Q3,Active,42641000,39971893,0,0,56073000,51265974,USD,0.914272,1.315
276,9,BG2-HHT,2,BG2,44561,20211231,2021 Q4,Active,42641000,39971893,0,0,59644000,55115052,USD,0.924067,1.399
277,9,BG2-HHT,2,BG2,44651,20220331,2022 Q1,Partially Realized,42641000,39971893,8000,7364,63215000,58191746,USD,0.920537,1.483
278,9,BG2-HHT,2,BG2,44742,20220630,2022 Q2,Partially Realized,42641000,39971893,17000,15650,66786000,61490538,USD,0.92071,1.567
279,9,BG2-HHT,2,BG2,44834,20220930,2022 Q3,Partially Realized,42641000,39971893,26000,24015,70358000,65390725,USD,0.9294,1.651
280,9,BG2-HHT,2,BG2,44926,20221231,2022 Q4,Partially Realized,42641000,39971893,36000,33357,73929000,69062032,USD,0.934167,1.735
281,9,BG2-HHT,2,BG2,45016,20230331,2023 Q1,Partially Realized,42641000,39971893,47000,43379,77500000,70606375,USD,0.91105,1.819
282,9,BG2-HHT,2,BG2,45107,20230630,2023 Q2,Partially Realized,42641000,39971893,59000,54076,75028000,66879359,USD,0.891392,1.761
283,9,BG2-HHT,2,BG2,45199,20230930,2023 Q3,Partially Realized,42641000,39971893,71000,64632,72556000,63825990,USD,0.879679,1.703
284,9,BG2-HHT,2,BG2,45291,20231231,2023 Q4,Partially Realized,42641000,39971893,84000,75865,70083000,60556688,USD,0.864071,1.646
285,9,BG2-HHT,2,BG2,45382,20240331,2024 Q1,Partially Realized,42641000,39971893,98000,87948,67611000,58352891,USD,0.863068,1.588
286,9,BG2-HHT,2,BG2,45473,20240630,2024 Q2,Partially Realized,42641000,39971893,112000,100071,65139000,56407182,USD,0.865951,1.53
287,9,BG2-HHT,2,BG2,45565,20240930,2024 Q3,Partially Realized,42641000,39971893,9608000,8426392,62667000,54947930,USD,0.876824,1.695
288,9,BG2-HHT,2,BG2,45657,20241231,2024 Q4,Partially Realized,42641000,39971893,9624000,8440534,60195000,53205217,USD,0.883881,1.637
289,9,BG2-HHT,2,BG2,45747,20250331,2025 Q1,Partially Realized,42641000,39971893,9641000,8455545,57722000,50968353,USD,0.882997,1.58
290,9,BG2-HHT,2,BG2,45838,20250630,2025 Q2,Partially Realized,42641000,39971893,9658000,8470605,55250000,48943765,USD,0.88586,1.522
291,9,BG2-HHT,2,BG2,45930,20250930,2025 Q3,Partially Realized,42641000,39971893,27283000,24278362,52778000,47336272,USD,0.896894,1.878
292,9,BG2-HHT,2,BG2,46022,20251231,2025 Q4,Partially Realized,42641000,39971893,27302000,24295538,50306000,45477882,USD,0.904025,1.82
293,10,BG2-VHS,2,BG2,44104,20200930,2020 Q3,Active,18325000,16716798,0,0,17592000,16048126,USD,0.91224,0.96
294,10,BG2-VHS,2,BG2,44196,20201231,2020 Q4,Active,25960000,23544267,0,0,24921000,22285181,USD,0.894233,0.96
295,10,BG2-VHS,2,BG2,44286,20210331,2021 Q1,Active,30541000,27646397,0,0,29319000,26254168,USD,0.895466,0.96
296,10,BG2-VHS,2,BG2,44377,20210630,2021 Q2,Active,30541000,27646397,0,0,32733000,29481467,USD,0.900665,1.072
297,10,BG2-VHS,2,BG2,44469,20210930,2021 Q3,Active,30541000,27646397,0,0,35536000,32489570,USD,0.914272,1.164
298,10,BG2-VHS,2,BG2,44561,20211231,2021 Q4,Active,30541000,27646397,0,0,38339000,35427805,USD,0.924067,1.255
299,10,BG2-VHS,2,BG2,44651,20220331,2022 Q1,Active,30541000,27646397,0,0,41142000,37872733,USD,0.920537,1.347
300,10,BG2-VHS,2,BG2,44742,20220630,2022 Q2,Active,30541000,27646397,0,0,43945000,40460601,USD,0.92071,1.439
301,10,BG2-VHS,2,BG2,44834,20220930,2022 Q3,Partially Realized,30541000,27646397,10000,9294,46748000,43447591,USD,0.9294,1.531
302,10,BG2-VHS,2,BG2,44926,20221231,2022 Q4,Partially Realized,30541000,27646397,22000,20504,49551000,46288909,USD,0.934167,1.623
303,10,BG2-VHS,2,BG2,45016,20230331,2023 Q1,Partially Realized,30541000,27646397,35000,32348,52354000,47697112,USD,0.91105,1.715
304,10,BG2-VHS,2,BG2,45107,20230630,2023 Q2,Partially Realized,30541000,27646397,49000,44827,55157000,49166509,USD,0.891392,1.808
305,10,BG2-VHS,2,BG2,45199,20230930,2023 Q3,Partially Realized,30541000,27646397,64000,58022,54044000,47541372,USD,0.879679,1.772
306,10,BG2-VHS,2,BG2,45291,20231231,2023 Q4,Partially Realized,30541000,27646397,80000,71847,52931000,45736142,USD,0.864071,1.736
307,10,BG2-VHS,2,BG2,45382,20240331,2024 Q1,Partially Realized,30541000,27646397,97000,86519,51818000,44722458,USD,0.863068,1.7
308,10,BG2-VHS,2,BG2,45473,20240630,2024 Q2,Partially Realized,30541000,27646397,115000,102106,50705000,43908045,USD,0.865951,1.664
309,10,BG2-VHS,2,BG2,45565,20240930,2024 Q3,Partially Realized,30541000,27646397,3987000,3497169,49592000,43483456,USD,0.876824,1.754
310,10,BG2-VHS,2,BG2,45657,20241231,2024 Q4,Partially Realized,30541000,27646397,4007000,3514847,48480000,42850551,USD,0.883881,1.719
311,10,BG2-VHS,2,BG2,45747,20250331,2025 Q1,Partially Realized,30541000,27646397,4028000,3533390,47367000,41824919,USD,0.882997,1.683
312,10,BG2-VHS,2,BG2,45838,20250630,2025 Q2,Partially Realized,30541000,27646397,4050000,3552879,46254000,40974568,USD,0.88586,1.647
313,10,BG2-VHS,2,BG2,45930,20250930,2025 Q3,Partially Realized,30541000,27646397,11228000,9990784,45141000,40486692,USD,0.896894,1.846
314,10,BG2-VHS,2,BG2,46022,20251231,2025 Q4,Partially Realized,30541000,27646397,11252000,10012481,44028000,39802413,USD,0.904025,1.81
315,11,BG2-GOA,2,BG2,44377,20210630,2021 Q2,Active,34952000,31480043,0,0,33554000,30220913,USD,0.900665,0.96
316,11,BG2-GOA,2,BG2,44469,20210930,2021 Q3,Active,49515000,44794586,0,0,47534000,43459005,USD,0.914272,0.96
317,11,BG2-GOA,2,BG2,44561,20211231,2021 Q4,Active,58253000,52869083,0,0,55923000,51676599,USD,0.924067,0.96
318,11,BG2-GOA,2,BG2,44651,20220331,2022 Q1,Active,58253000,52869083,0,0,65657000,60439698,USD,0.920537,1.127
319,11,BG2-GOA,2,BG2,44742,20220630,2022 Q2,Active,58253000,52869083,0,0,74225000,68339700,USD,0.92071,1.274
320,11,BG2-GOA,2,BG2,44834,20220930,2022 Q3,Active,58253000,52869083,0,0,82794000,76948744,USD,0.9294,1.421
321,11,BG2-GOA,2,BG2,44926,20221231,2022 Q4,Active,58253000,52869083,0,0,91363000,85348300,USD,0.934167,1.568
322,11,BG2-GOA,2,BG2,45016,20230331,2023 Q1,Active,58253000,52869083,0,0,99932000,91043049,USD,0.91105,1.715
323,11,BG2-GOA,2,BG2,45107,20230630,2023 Q2,Partially Realized,58253000,52869083,10000,8914,108500000,96716032,USD,0.891392,1.863
324,11,BG2-GOA,2,BG2,45199,20230930,2023 Q3,Partially Realized,58253000,52869083,21000,18590,117069000,102983141,USD,0.879679,2.01
325,11,BG2-GOA,2,BG2,45291,20231231,2023 Q4,Partially Realized,58253000,52869083,33000,28959,125638000,108560152,USD,0.864071,2.157
326,11,BG2-GOA,2,BG2,45382,20240331,2024 Q1,Partially Realized,58253000,52869083,46000,40179,124475000,107430389,USD,0.863068,2.138
327,11,BG2-GOA,2,BG2,45473,20240630,2024 Q2,Partially Realized,58253000,52869083,61000,53168,123311000,106781284,USD,0.865951,2.118
328,11,BG2-GOA,2,BG2,45565,20240930,2024 Q3,Partially Realized,58253000,52869083,77000,67197,122148000,107102298,USD,0.876824,2.098
329,11,BG2-GOA,2,BG2,45657,20241231,2024 Q4,Partially Realized,58253000,52869083,94000,82223,120985000,106936343,USD,0.883881,2.079
330,11,BG2-GOA,2,BG2,45747,20250331,2025 Q1,Partially Realized,58253000,52869083,112000,98117,119821000,105801584,USD,0.882997,2.059
331,11,BG2-GOA,2,BG2,45838,20250630,2025 Q2,Partially Realized,58253000,52869083,132000,115834,118658000,105114376,USD,0.88586,2.039
332,11,BG2-GOA,2,BG2,45930,20250930,2025 Q3,Partially Realized,58253000,52869083,153000,134669,117495000,105380561,USD,0.896894,2.02
333,11,BG2-GOA,2,BG2,46022,20251231,2025 Q4,Partially Realized,58253000,52869083,175000,154558,116331000,105166132,USD,0.904025,2
334,12,BG2-CPF,2,BG2,44651,20220331,2022 Q1,Active,41982000,38645984,0,0,40303000,37100403,USD,0.920537,0.96
335,12,BG2-CPF,2,BG2,44742,20220630,2022 Q2,Active,59474000,54751043,0,0,57096000,52568858,USD,0.92071,0.96
336,12,BG2-CPF,2,BG2,44834,20220930,2022 Q3,Active,69970000,64506025,0,0,67171000,62428727,USD,0.9294,0.96
337,12,BG2-CPF,2,BG2,44926,20221231,2022 Q4,Active,69970000,64506025,0,0,81160000,75816994,USD,0.934167,1.16
338,12,BG2-CPF,2,BG2,45016,20230331,2023 Q1,Active,69970000,64506025,0,0,93749000,85410026,USD,0.91105,1.34
339,12,BG2-CPF,2,BG2,45107,20230630,2023 Q2,Active,69970000,64506025,0,0,106339000,94789734,USD,0.891392,1.52
340,12,BG2-CPF,2,BG2,45199,20230930,2023 Q3,Active,69970000,64506025,0,0,118928000,104618464,USD,0.879679,1.7
341,12,BG2-CPF,2,BG2,45291,20231231,2023 Q4,Active,69970000,64506025,0,0,131518000,113640890,USD,0.864071,1.88
342,12,BG2-CPF,2,BG2,45382,20240331,2024 Q1,Partially Realized,69970000,64506025,16000,13809,144107000,124374140,USD,0.863068,2.06
343,12,BG2-CPF,2,BG2,45473,20240630,2024 Q2,Partially Realized,69970000,64506025,35000,30262,142582000,123469025,USD,0.865951,2.038
344,12,BG2-CPF,2,BG2,45565,20240930,2024 Q3,Partially Realized,69970000,64506025,57000,49552,141057000,123682163,USD,0.876824,2.017
345,12,BG2-CPF,2,BG2,45657,20241231,2024 Q4,Partially Realized,69970000,64506025,82000,71649,139532000,123329684,USD,0.883881,1.995
346,12,BG2-CPF,2,BG2,45747,20250331,2025 Q1,Partially Realized,69970000,64506025,110000,96373,138007000,121859767,USD,0.882997,1.974
347,12,BG2-CPF,2,BG2,45838,20250630,2025 Q2,Partially Realized,69970000,64506025,141000,123835,136483000,120904830,USD,0.88586,1.953
348,12,BG2-CPF,2,BG2,45930,20250930,2025 Q3,Partially Realized,69970000,64506025,175000,154329,134958000,121043020,USD,0.896894,1.931
349,12,BG2-CPF,2,BG2,46022,20251231,2025 Q4,Partially Realized,69970000,64506025,212000,187778,133433000,120626768,USD,0.904025,1.91
350,13,GI1-ASP,3,GI1,43190,20180331,2018 Q1,Active,63738000,62013505,0,0,63101000,61393739,USD,0.972944,0.99
351,13,GI1-ASP,3,GI1,43281,20180630,2018 Q2,Active,99591000,96982980,0,0,98595000,96165323,USD,0.975357,0.99
352,13,GI1-ASP,3,GI1,43373,20180930,2018 Q3,Active,119509000,116639955,0,0,118314000,116763495,USD,0.986895,0.99
353,13,GI1-ASP,3,GI1,43465,20181231,2018 Q4,Active,132788000,129845203,0,0,131460000,130729871,USD,0.994446,0.99
354,13,GI1-ASP,3,GI1,43555,20190331,2019 Q1,Active,132788000,129845203,0,0,133295000,131051645,USD,0.98317,1.004
355,13,GI1-ASP,3,GI1,43646,20190630,2019 Q2,Active,132788000,129845203,0,0,136459000,133133494,USD,0.97563,1.028
356,13,GI1-ASP,3,GI1,43738,20190930,2019 Q3,Partially Realized,132788000,129845203,795000,776768,139622000,136420049,USD,0.977067,1.057
357,13,GI1-ASP,3,GI1,43830,20191231,2019 Q4,Partially Realized,132788000,129845203,1597000,1558289,142785000,139138985,USD,0.974465,1.087
358,13,GI1-ASP,3,GI1,43921,20200331,2020 Q1,Partially Realized,132788000,129845203,2406000,2325520,145948000,138412559,USD,0.948369,1.117
359,13,GI1-ASP,3,GI1,44012,20200630,2020 Q2,Partially Realized,132788000,129845203,3222000,3081291,149111000,138105117,USD,0.92619,1.147
360,13,GI1-ASP,3,GI1,44104,20200930,2020 Q3,Partially Realized,132788000,129845203,4045000,3832065,152275000,138911346,USD,0.91224,1.177
361,13,GI1-ASP,3,GI1,44196,20201231,2020 Q4,Partially Realized,132788000,129845203,4876000,4575173,155438000,138997789,USD,0.894233,1.207
362,13,GI1-ASP,3,GI1,44286,20210331,2021 Q1,Partially Realized,132788000,129845203,5714000,5325574,158601000,142021803,USD,0.895466,1.237
363,13,GI1-ASP,3,GI1,44377,20210630,2021 Q2,Partially Realized,132788000,129845203,6559000,6086636,161764000,145695173,USD,0.900665,1.268
364,13,GI1-ASP,3,GI1,44469,20210930,2021 Q3,Partially Realized,132788000,129845203,7411000,6865596,164927000,150788138,USD,0.914272,1.298
365,13,GI1-ASP,3,GI1,44561,20211231,2021 Q4,Partially Realized,132788000,129845203,8270000,7659370,168091000,155327346,USD,0.924067,1.328
366,13,GI1-ASP,3,GI1,44651,20220331,2022 Q1,Partially Realized,132788000,129845203,9136000,8456555,171254000,157645643,USD,0.920537,1.358
367,13,GI1-ASP,3,GI1,44742,20220630,2022 Q2,Partially Realized,132788000,129845203,10009000,9260335,174417000,160587476,USD,0.92071,1.389
368,13,GI1-ASP,3,GI1,44834,20220930,2022 Q3,Partially Realized,132788000,129845203,10889000,10078207,169523000,157554676,USD,0.9294,1.359
369,13,GI1-ASP,3,GI1,44926,20221231,2022 Q4,Partially Realized,132788000,129845203,11776000,10906813,164630000,153791913,USD,0.934167,1.328
370,13,GI1-ASP,3,GI1,45016,20230331,2023 Q1,Partially Realized,132788000,129845203,12670000,11721292,159736000,145527483,USD,0.91105,1.298
371,13,GI1-ASP,3,GI1,45107,20230630,2023 Q2,Partially Realized,132788000,129845203,13571000,12524436,154842000,138024920,USD,0.891392,1.268
372,13,GI1-ASP,3,GI1,45199,20230930,2023 Q3,Partially Realized,132788000,129845203,14479000,13323185,149948000,131906107,USD,0.879679,1.238
373,13,GI1-ASP,3,GI1,45291,20231231,2023 Q4,Partially Realized,132788000,129845203,15394000,14113810,145055000,125337819,USD,0.864071,1.208
374,13,GI1-ASP,3,GI1,45382,20240331,2024 Q1,Partially Realized,132788000,129845203,16316000,14909559,140161000,120968474,USD,0.863068,1.178
375,13,GI1-ASP,3,GI1,45473,20240630,2024 Q2,Partially Realized,132788000,129845203,17245000,15714027,135267000,117134594,USD,0.865951,1.149
376,13,GI1-ASP,3,GI1,45565,20240930,2024 Q3,Partially Realized,132788000,129845203,18182000,16535611,130374000,114315052,USD,0.876824,1.119
377,13,GI1-ASP,3,GI1,45657,20241231,2024 Q4,Partially Realized,132788000,129845203,19126000,17369995,125480000,110909388,USD,0.883881,1.089
378,13,GI1-ASP,3,GI1,45747,20250331,2025 Q1,Partially Realized,132788000,129845203,20077000,18209725,120586000,106477076,USD,0.882997,1.059
379,13,GI1-ASP,3,GI1,45838,20250630,2025 Q2,Partially Realized,132788000,129845203,35291000,31687199,115692000,102486915,USD,0.88586,1.137
380,13,GI1-ASP,3,GI1,45930,20250930,2025 Q3,Partially Realized,132788000,129845203,36256000,32552702,110799000,99374958,USD,0.896894,1.107
381,13,GI1-ASP,3,GI1,46022,20251231,2025 Q4,Partially Realized,132788000,129845203,79997000,72095660,105905000,95740768,USD,0.904025,1.4
382,14,GI1-HFN,3,GI1,43465,20181231,2018 Q4,Active,49171000,48897904,0,0,48679000,48408637,USD,0.994446,0.99
383,14,GI1-HFN,3,GI1,43555,20190331,2019 Q1,Active,76830000,76091403,0,0,76061000,74780893,USD,0.98317,0.99
384,14,GI1-HFN,3,GI1,43646,20190630,2019 Q2,Active,92196000,91082934,0,0,91273000,89048677,USD,0.97563,0.99
385,14,GI1-HFN,3,GI1,43738,20190930,2019 Q3,Active,102440000,101092008,0,0,101415000,99089250,USD,0.977067,0.99
386,14,GI1-HFN,3,GI1,43830,20191231,2019 Q4,Active,102440000,101092008,0,0,102870000,100243215,USD,0.974465,1.004
387,14,GI1-HFN,3,GI1,43921,20200331,2020 Q1,Active,102440000,101092008,0,0,105350000,99910674,USD,0.948369,1.028
388,14,GI1-HFN,3,GI1,44012,20200630,2020 Q2,Partially Realized,102440000,101092008,637000,589983,107830000,99871068,USD,0.92619,1.059
389,14,GI1-HFN,3,GI1,44104,20200930,2020 Q3,Partially Realized,102440000,101092008,1281000,1177466,110310000,100629194,USD,0.91224,1.089
390,14,GI1-HFN,3,GI1,44196,20201231,2020 Q4,Partially Realized,102440000,101092008,1931000,1758717,112790000,100860540,USD,0.894233,1.12
391,14,GI1-HFN,3,GI1,44286,20210331,2021 Q1,Partially Realized,102440000,101092008,2588000,2347038,115270000,103220366,USD,0.895466,1.151
392,14,GI1-HFN,3,GI1,44377,20210630,2021 Q2,Partially Realized,102440000,101092008,3251000,2944179,117750000,106053304,USD,0.900665,1.181
393,14,GI1-HFN,3,GI1,44469,20210930,2021 Q3,Partially Realized,102440000,101092008,3921000,3556741,120229000,109922008,USD,0.914272,1.212
394,14,GI1-HFN,3,GI1,44561,20211231,2021 Q4,Partially Realized,102440000,101092008,4597000,4181410,122709000,113391338,USD,0.924067,1.243
395,14,GI1-HFN,3,GI1,44651,20220331,2022 Q1,Partially Realized,102440000,101092008,5279000,4809216,125189000,115241106,USD,0.920537,1.274
396,14,GI1-HFN,3,GI1,44742,20220630,2022 Q2,Partially Realized,102440000,101092008,5968000,5443585,127669000,117546125,USD,0.92071,1.305
397,14,GI1-HFN,3,GI1,44834,20220930,2022 Q3,Partially Realized,102440000,101092008,6663000,6089518,130149000,120960481,USD,0.9294,1.336
398,14,GI1-HFN,3,GI1,44926,20221231,2022 Q4,Partially Realized,102440000,101092008,7365000,6745303,128115000,119680805,USD,0.934167,1.323
399,14,GI1-HFN,3,GI1,45016,20230331,2023 Q1,Partially Realized,102440000,101092008,8073000,7390326,126081000,114866095,USD,0.91105,1.31
400,14,GI1-HFN,3,GI1,45107,20230630,2023 Q2,Partially Realized,102440000,101092008,8788000,8027671,124046000,110573612,USD,0.891392,1.297
401,14,GI1-HFN,3,GI1,45199,20230930,2023 Q3,Partially Realized,102440000,101092008,9509000,8661920,122012000,107331394,USD,0.879679,1.284
402,14,GI1-HFN,3,GI1,45291,20231231,2023 Q4,Partially Realized,102440000,101092008,10236000,9290100,119978000,103669510,USD,0.864071,1.271
403,14,GI1-HFN,3,GI1,45382,20240331,2024 Q1,Partially Realized,102440000,101092008,18290000,16241250,117944000,101793692,USD,0.863068,1.33
404,14,GI1-HFN,3,GI1,45473,20240630,2024 Q2,Partially Realized,102440000,101092008,19030000,16882054,115909000,100371514,USD,0.865951,1.317
405,14,GI1-HFN,3,GI1,45565,20240930,2024 Q3,Partially Realized,102440000,101092008,19777000,17537042,113875000,99848333,USD,0.876824,1.305
406,14,GI1-HFN,3,GI1,45657,20241231,2024 Q4,Partially Realized,102440000,101092008,20530000,18202604,111841000,98854135,USD,0.883881,1.292
407,14,GI1-HFN,3,GI1,45747,20250331,2025 Q1,Partially Realized,102440000,101092008,21290000,18873682,109807000,96959252,USD,0.882997,1.28
408,14,GI1-HFN,3,GI1,45838,20250630,2025 Q2,Partially Realized,102440000,101092008,22056000,19552251,107773000,95471790,USD,0.88586,1.267
409,14,GI1-HFN,3,GI1,45930,20250930,2025 Q3,Partially Realized,102440000,101092008,33809000,30093446,105738000,94835778,USD,0.896894,1.362
410,14,GI1-HFN,3,GI1,46022,20251231,2025 Q4,Partially Realized,102440000,101092008,34588000,30797681,103704000,93751009,USD,0.904025,1.35
411,15,GI1-NSS,3,GI1,43646,20190630,2019 Q2,Active,40945000,39947170,0,0,40536000,39548138,USD,0.97563,0.99
412,15,GI1-NSS,3,GI1,43738,20190930,2019 Q3,Active,63977000,62450977,0,0,63337000,61884493,USD,0.977067,0.99
413,15,GI1-NSS,3,GI1,43830,20191231,2019 Q4,Active,76772000,74919257,0,0,76005000,74064212,USD,0.974465,0.99
414,15,GI1-NSS,3,GI1,43921,20200331,2020 Q1,Active,85302000,83008845,0,0,84450000,80089762,USD,0.948369,0.99
415,15,GI1-NSS,3,GI1,44012,20200630,2020 Q2,Active,85302000,83008845,0,0,86412000,80033930,USD,0.92619,1.013
416,15,GI1-NSS,3,GI1,44104,20200930,2020 Q3,Active,85302000,83008845,0,0,89227000,81396438,USD,0.91224,1.046
417,15,GI1-NSS,3,GI1,44196,20201231,2020 Q4,Partially Realized,85302000,83008845,490000,438174,92042000,82306994,USD,0.894233,1.085
418,15,GI1-NSS,3,GI1,44286,20210331,2021 Q1,Partially Realized,85302000,83008845,985000,881430,94857000,84941218,USD,0.895466,1.124
419,15,GI1-NSS,3,GI1,44377,20210630,2021 Q2,Partially Realized,85302000,83008845,1486000,1332663,97672000,87969752,USD,0.900665,1.162
420,15,GI1-NSS,3,GI1,44469,20210930,2021 Q3,Partially Realized,85302000,83008845,1992000,1795285,100487000,91872450,USD,0.914272,1.201
421,15,GI1-NSS,3,GI1,44561,20211231,2021 Q4,Partially Realized,85302000,83008845,2504000,2268407,103302000,95457969,USD,0.924067,1.24
422,15,GI1-NSS,3,GI1,44651,20220331,2022 Q1,Partially Realized,85302000,83008845,3021000,2744325,106117000,97684625,USD,0.920537,1.279
423,15,GI1-NSS,3,GI1,44742,20220630,2022 Q2,Partially Realized,85302000,83008845,3544000,3225856,108932000,100294782,USD,0.92071,1.319
424,15,GI1-NSS,3,GI1,44834,20220930,2022 Q3,Partially Realized,85302000,83008845,4072000,3716579,111747000,103857662,USD,0.9294,1.358
425,15,GI1-NSS,3,GI1,44926,20221231,2022 Q4,Partially Realized,85302000,83008845,4605000,4214490,114562000,107020040,USD,0.934167,1.397
426,15,GI1-NSS,3,GI1,45016,20230331,2023 Q1,Partially Realized,85302000,83008845,5144000,4705546,113179000,103111728,USD,0.91105,1.387
427,15,GI1-NSS,3,GI1,45107,20230630,2023 Q2,Partially Realized,85302000,83008845,5688000,5190463,111795000,99653169,USD,0.891392,1.377
428,15,GI1-NSS,3,GI1,45199,20230930,2023 Q3,Partially Realized,85302000,83008845,6238000,5674286,110412000,97127118,USD,0.879679,1.367
429,15,GI1-NSS,3,GI1,45291,20231231,2023 Q4,Partially Realized,85302000,83008845,6793000,6153845,109029000,94208797,USD,0.864071,1.358
430,15,GI1-NSS,3,GI1,45382,20240331,2024 Q1,Partially Realized,85302000,83008845,11708000,10395824,107645000,92904955,USD,0.863068,1.399
431,15,GI1-NSS,3,GI1,45473,20240630,2024 Q2,Partially Realized,85302000,83008845,12274000,10885952,106262000,92017685,USD,0.865951,1.39
432,15,GI1-NSS,3,GI1,45565,20240930,2024 Q3,Partially Realized,85302000,83008845,12846000,11387495,104879000,91960424,USD,0.876824,1.38
433,15,GI1-NSS,3,GI1,45657,20241231,2024 Q4,Partially Realized,85302000,83008845,13423000,11897494,103495000,91477264,USD,0.883881,1.371
434,15,GI1-NSS,3,GI1,45747,20250331,2025 Q1,Partially Realized,85302000,83008845,14005000,12411398,102112000,90164590,USD,0.882997,1.361
435,15,GI1-NSS,3,GI1,45838,20250630,2025 Q2,Partially Realized,85302000,83008845,14593000,12932284,100729000,89231792,USD,0.88586,1.352
436,15,GI1-NSS,3,GI1,45930,20250930,2025 Q3,Partially Realized,85302000,83008845,21717000,19321757,99345000,89101934,USD,0.896894,1.419
437,15,GI1-NSS,3,GI1,46022,20251231,2025 Q4,Partially Realized,85302000,83008845,22316000,19863268,97962000,88560097,USD,0.904025,1.41
438,16,GI1-MEC,3,GI1,43921,20200331,2020 Q1,Active,73464000,69670980,0,0,72729000,68973929,USD,0.948369,0.99
439,16,GI1-MEC,3,GI1,44012,20200630,2020 Q2,Active,114787000,107943929,0,0,113639000,105251305,USD,0.92619,0.99
440,16,GI1-MEC,3,GI1,44104,20200930,2020 Q3,Active,137744000,128886223,0,0,136367000,124399432,USD,0.91224,0.99
441,16,GI1-MEC,3,GI1,44196,20201231,2020 Q4,Active,153049000,142572459,0,0,151519000,135493290,USD,0.894233,0.99
442,16,GI1-MEC,3,GI1,44286,20210331,2021 Q1,Active,153049000,142572459,0,0,156248000,139914772,USD,0.895466,1.021
443,16,GI1-MEC,3,GI1,44377,20210630,2021 Q2,Active,153049000,142572459,0,0,162507000,146364367,USD,0.900665,1.062
444,16,GI1-MEC,3,GI1,44469,20210930,2021 Q3,Partially Realized,153049000,142572459,1087000,993814,168767000,154298943,USD,0.914272,1.11
445,16,GI1-MEC,3,GI1,44561,20211231,2021 Q4,Partially Realized,153049000,142572459,2188000,2011212,175027000,161736675,USD,0.924067,1.158
446,16,GI1-MEC,3,GI1,44651,20220331,2022 Q1,Partially Realized,153049000,142572459,3303000,3037611,181287000,166881391,USD,0.920537,1.206
447,16,GI1-MEC,3,GI1,44742,20220630,2022 Q2,Partially Realized,153049000,142572459,4432000,4077093,187546000,172675478,USD,0.92071,1.254
448,16,GI1-MEC,3,GI1,44834,20220930,2022 Q3,Partially Realized,153049000,142572459,5575000,5139397,193806000,180123296,USD,0.9294,1.303
449,16,GI1-MEC,3,GI1,44926,20221231,2022 Q4,Partially Realized,153049000,142572459,6733000,6221162,200066000,186895055,USD,0.934167,1.351
450,16,GI1-MEC,3,GI1,45016,20230331,2023 Q1,Partially Realized,153049000,142572459,7905000,7288913,206325000,187972391,USD,0.91105,1.4
451,16,GI1-MEC,3,GI1,45107,20230630,2023 Q2,Partially Realized,153049000,142572459,9091000,8346104,212585000,189496568,USD,0.891392,1.448
452,16,GI1-MEC,3,GI1,45199,20230930,2023 Q3,Partially Realized,153049000,142572459,10291000,9401719,210490000,185163633,USD,0.879679,1.443
453,16,GI1-MEC,3,GI1,45291,20231231,2023 Q4,Partially Realized,153049000,142572459,11505000,10450701,208395000,180068076,USD,0.864071,1.437
454,16,GI1-MEC,3,GI1,45382,20240331,2024 Q1,Partially Realized,153049000,142572459,16768000,14993028,206299000,178050065,USD,0.863068,1.457
455,16,GI1-MEC,3,GI1,45473,20240630,2024 Q2,Partially Realized,153049000,142572459,18011000,16069405,204204000,176830658,USD,0.865951,1.452
456,16,GI1-MEC,3,GI1,45565,20240930,2024 Q3,Partially Realized,153049000,142572459,19268000,17171573,202109000,177214022,USD,0.876824,1.446
457,16,GI1-MEC,3,GI1,45657,20241231,2024 Q4,Partially Realized,153049000,142572459,20539000,18294986,200014000,176788574,USD,0.883881,1.441
458,16,GI1-MEC,3,GI1,45747,20250331,2025 Q1,Partially Realized,153049000,142572459,21825000,19430520,197918000,174761000,USD,0.882997,1.436
459,16,GI1-MEC,3,GI1,45838,20250630,2025 Q2,Partially Realized,153049000,142572459,23125000,20582138,195823000,173471763,USD,0.88586,1.431
460,16,GI1-MEC,3,GI1,45930,20250930,2025 Q3,Partially Realized,153049000,142572459,30490000,27187762,193728000,173753481,USD,0.896894,1.465
461,16,GI1-MEC,3,GI1,46022,20251231,2025 Q4,Partially Realized,153049000,142572459,31818000,28388307,191633000,173241023,USD,0.904025,1.46
462,17,GI1-CDH,3,GI1,44104,20200930,2020 Q3,Active,98842000,90167626,0,0,97854000,89266333,USD,0.91224,0.99
463,17,GI1-CDH,3,GI1,44196,20201231,2020 Q4,Active,154441000,139886087,0,0,152896000,136724649,USD,0.894233,0.99
464,17,GI1-CDH,3,GI1,44286,20210331,2021 Q1,Active,185329000,167545241,0,0,183476000,164296520,USD,0.895466,0.99
465,17,GI1-CDH,3,GI1,44377,20210630,2021 Q2,Active,205921000,186091735,0,0,203862000,183611368,USD,0.900665,0.99
466,17,GI1-CDH,3,GI1,44469,20210930,2021 Q3,Active,205921000,186091735,0,0,211504000,193372185,USD,0.914272,1.027
467,17,GI1-CDH,3,GI1,44561,20211231,2021 Q4,Active,205921000,186091735,0,0,221205000,204408241,USD,0.924067,1.074
468,17,GI1-CDH,3,GI1,44651,20220331,2022 Q1,Partially Realized,205921000,186091735,1158000,1065982,230906000,212557517,USD,0.920537,1.127
469,17,GI1-CDH,3,GI1,44742,20220630,2022 Q2,Partially Realized,205921000,186091735,2333000,2147816,240607000,221529271,USD,0.92071,1.18
470,17,GI1-CDH,3,GI1,44834,20220930,2022 Q3,Partially Realized,205921000,186091735,3526000,3256590,250308000,232636255,USD,0.9294,1.233
471,17,GI1-CDH,3,GI1,44926,20221231,2022 Q4,Partially Realized,205921000,186091735,4736000,4386932,260010000,242892762,USD,0.934167,1.286
472,17,GI1-CDH,3,GI1,45016,20230331,2023 Q1,Partially Realized,205921000,186091735,5963000,5504790,269711000,245720207,USD,0.91105,1.339
473,17,GI1-CDH,3,GI1,45107,20230630,2023 Q2,Partially Realized,205921000,186091735,7207000,6613682,279412000,249065622,USD,0.891392,1.392
474,17,GI1-CDH,3,GI1,45199,20230930,2023 Q3,Partially Realized,205921000,186091735,8468000,7722957,289113000,254326635,USD,0.879679,1.445
475,17,GI1-CDH,3,GI1,45291,20231231,2023 Q4,Partially Realized,205921000,186091735,9746000,8827240,286733000,247757670,USD,0.864071,1.44
476,17,GI1-CDH,3,GI1,45382,20240331,2024 Q1,Partially Realized,205921000,186091735,11042000,9945776,284354000,245416838,USD,0.863068,1.435
477,17,GI1-CDH,3,GI1,45473,20240630,2024 Q2,Partially Realized,205921000,186091735,12355000,11082770,281974000,244175667,USD,0.865951,1.429
478,17,GI1-CDH,3,GI1,45565,20240930,2024 Q3,Partially Realized,205921000,186091735,13685000,12248946,279595000,245155606,USD,0.876824,1.424
479,17,GI1-CDH,3,GI1,45657,20241231,2024 Q4,Partially Realized,205921000,186091735,15032000,13439534,277215000,245025071,USD,0.883881,1.419
480,17,GI1-CDH,3,GI1,45747,20250331,2025 Q1,Partially Realized,205921000,186091735,16396000,14643942,274836000,242679363,USD,0.882997,1.414
481,17,GI1-CDH,3,GI1,45838,20250630,2025 Q2,Partially Realized,205921000,186091735,17777000,15867315,272456000,241357872,USD,0.88586,1.409
482,17,GI1-CDH,3,GI1,45930,20250930,2025 Q3,Partially Realized,205921000,186091735,19176000,17122070,270077000,242230441,USD,0.896894,1.405
483,17,GI1-CDH,3,GI1,46022,20251231,2025 Q4,Partially Realized,205921000,186091735,20592000,18402169,267697000,242004780,USD,0.904025,1.4
484,18,DDL1-ATLN,4,DDL1,43921,20200331,2020 Q1,Active,34838000,37990804,0,0,41388000,45133573,EUR,1.090499,1.188
485,18,DDL1-ATLN,4,DDL1,44012,20200630,2020 Q2,Partially Realized,44664000,48607944,448000,484071,53060000,57332126,EUR,1.080515,1.198
486,18,DDL1-ATLN,4,DDL1,44104,20200930,2020 Q3,Partially Realized,44664000,48607944,896000,967748,53552000,57816667,EUR,1.079636,1.219
487,18,DDL1-ATLN,4,DDL1,44196,20201231,2020 Q4,Partially Realized,44664000,48607944,1344000,1453658,53776000,58326579,EUR,1.084621,1.234
488,18,DDL1-ATLN,4,DDL1,44286,20210331,2021 Q1,Partially Realized,44664000,48607944,1792000,1934432,53999000,57949405,EUR,1.073157,1.249
489,18,DDL1-ATLN,4,DDL1,44377,20210630,2021 Q2,Partially Realized,44664000,48607944,2240000,2407447,54222000,57249648,EUR,1.055838,1.264
490,18,DDL1-ATLN,4,DDL1,44469,20210930,2021 Q3,Partially Realized,44664000,48607944,2688000,2876671,54445000,57024277,EUR,1.047374,1.279
491,18,DDL1-ATLN,4,DDL1,44561,20211231,2021 Q4,Partially Realized,44664000,48607944,3136000,3344622,54668000,57102530,EUR,1.044533,1.294
492,18,DDL1-ATLN,4,DDL1,44651,20220331,2022 Q1,Partially Realized,44664000,48607944,3584000,3806332,46859000,48293026,EUR,1.030603,1.129
493,18,DDL1-ATLN,4,DDL1,44742,20220630,2022 Q2,Partially Realized,44664000,48607944,4032000,4259302,39049000,39482210,EUR,1.011094,0.965
494,18,DDL1-ATLN,4,DDL1,44834,20220930,2022 Q3,Partially Realized,44664000,48607944,4480000,4707324,31240000,31241531,EUR,1.000049,0.8
495,18,DDL1-ATLN,4,DDL1,44926,20221231,2022 Q4,Partially Realized,44664000,48607944,4928000,5152792,23430000,23297574,EUR,0.994348,0.635
496,18,DDL1-ATLN,4,DDL1,45016,20230331,2023 Q1,Partially Realized,44664000,48607944,5376000,5593137,15619000,15352103,EUR,0.982912,0.47
497,18,DDL1-ATLN,4,DDL1,45107,20230630,2023 Q2,Partially Realized,44664000,48607944,30117000,29498238,7810000,7546131,EUR,0.966214,0.849
498,18,DDL1-ATLN,4,DDL1,45199,20230930,2023 Q3,Realized,44664000,48607944,54858000,53190591,0,0,EUR,0.957615,1.228
499,18,DDL1-ATLN,4,DDL1,45291,20231231,2023 Q4,Realized,44664000,48607944,54858000,53190591,0,0,EUR,0.954151,1.228
500,18,DDL1-ATLN,4,DDL1,45382,20240331,2024 Q1,Realized,44664000,48607944,54858000,53190591,0,0,EUR,0.950049,1.228
501,18,DDL1-ATLN,4,DDL1,45473,20240630,2024 Q2,Realized,44664000,48607944,54858000,53190591,0,0,EUR,0.941057,1.228
502,18,DDL1-ATLN,4,DDL1,45565,20240930,2024 Q3,Realized,44664000,48607944,54858000,53190591,0,0,EUR,0.940081,1.228
503,18,DDL1-ATLN,4,DDL1,45657,20241231,2024 Q4,Realized,44664000,48607944,54858000,53190591,0,0,EUR,0.944067,1.228
504,18,DDL1-ATLN,4,DDL1,45747,20250331,2025 Q1,Realized,44664000,48607944,54858000,53190591,0,0,EUR,0.940037,1.228
505,18,DDL1-ATLN,4,DDL1,45838,20250630,2025 Q2,Realized,44664000,48607944,54858000,53190591,0,0,EUR,0.931099,1.228
506,18,DDL1-ATLN,4,DDL1,45930,20250930,2025 Q3,Realized,44664000,48607944,54858000,53190591,0,0,EUR,0.930093,1.228
507,18,DDL1-ATLN,4,DDL1,46022,20251231,2025 Q4,Realized,44664000,48607944,54858000,53190591,0,0,EUR,0.933997,1.228
508,19,DDL1-BFLN,4,DDL1,44012,20200630,2020 Q2,Active,33716000,36430644,0,0,40054000,43278948,EUR,1.080515,1.188
509,19,DDL1-BFLN,4,DDL1,44104,20200930,2020 Q3,Partially Realized,43226000,46697982,536000,578685,51352000,55441468,EUR,1.079636,1.2
510,19,DDL1-BFLN,4,DDL1,44196,20201231,2020 Q4,Partially Realized,43226000,46697982,1072000,1160042,51796000,56179029,EUR,1.084621,1.223
511,19,DDL1-BFLN,4,DDL1,44286,20210331,2021 Q1,Partially Realized,43226000,46697982,1608000,1735254,51982000,55784847,EUR,1.073157,1.24
512,19,DDL1-BFLN,4,DDL1,44377,20210630,2021 Q2,Partially Realized,43226000,46697982,2144000,2301183,52166000,55078845,EUR,1.055838,1.256
513,19,DDL1-BFLN,4,DDL1,44469,20210930,2021 Q3,Partially Realized,43226000,46697982,2680000,2862575,52351000,54831076,EUR,1.047374,1.273
514,19,DDL1-BFLN,4,DDL1,44561,20211231,2021 Q4,Partially Realized,43226000,46697982,3216000,3422445,52537000,54876630,EUR,1.044533,1.29
515,19,DDL1-BFLN,4,DDL1,44651,20220331,2022 Q1,Partially Realized,43226000,46697982,3752000,3974848,52722000,54335451,EUR,1.030603,1.306
516,19,DDL1-BFLN,4,DDL1,44742,20220630,2022 Q2,Partially Realized,43226000,46697982,4288000,4516794,52908000,53494961,EUR,1.011094,1.323
517,19,DDL1-BFLN,4,DDL1,44834,20220930,2022 Q3,Partially Realized,43226000,46697982,4824000,5052820,45349000,45351222,EUR,1.000049,1.161
518,19,DDL1-BFLN,4,DDL1,44926,20221231,2022 Q4,Partially Realized,43226000,46697982,5360000,5585791,37790000,37576411,EUR,0.994348,0.998
519,19,DDL1-BFLN,4,DDL1,45016,20230331,2023 Q1,Partially Realized,43226000,46697982,5896000,6112632,30233000,29716378,EUR,0.982912,0.836
520,19,DDL1-BFLN,4,DDL1,45107,20230630,2023 Q2,Partially Realized,43226000,46697982,6432000,6630523,22675000,21908902,EUR,0.966214,0.673
521,19,DDL1-BFLN,4,DDL1,45199,20230930,2023 Q3,Partially Realized,43226000,46697982,6968000,7143805,15116000,14475308,EUR,0.957615,0.511
522,19,DDL1-BFLN,4,DDL1,45291,20231231,2023 Q4,Partially Realized,43226000,46697982,30719000,29805845,7558000,7211473,EUR,0.954151,0.886
523,19,DDL1-BFLN,4,DDL1,45382,20240331,2024 Q1,Realized,43226000,46697982,54470000,52370459,0,0,EUR,0.950049,1.26
524,19,DDL1-BFLN,4,DDL1,45473,20240630,2024 Q2,Realized,43226000,46697982,54470000,52370459,0,0,EUR,0.941057,1.26
525,19,DDL1-BFLN,4,DDL1,45565,20240930,2024 Q3,Realized,43226000,46697982,54470000,52370459,0,0,EUR,0.940081,1.26
526,19,DDL1-BFLN,4,DDL1,45657,20241231,2024 Q4,Realized,43226000,46697982,54470000,52370459,0,0,EUR,0.944067,1.26
527,19,DDL1-BFLN,4,DDL1,45747,20250331,2025 Q1,Realized,43226000,46697982,54470000,52370459,0,0,EUR,0.940037,1.26
528,19,DDL1-BFLN,4,DDL1,45838,20250630,2025 Q2,Realized,43226000,46697982,54470000,52370459,0,0,EUR,0.931099,1.26
529,19,DDL1-BFLN,4,DDL1,45930,20250930,2025 Q3,Realized,43226000,46697982,54470000,52370459,0,0,EUR,0.930093,1.26
530,19,DDL1-BFLN,4,DDL1,46022,20251231,2025 Q4,Realized,43226000,46697982,54470000,52370459,0,0,EUR,0.933997,1.26
531,20,DDL1-CRLN,4,DDL1,44196,20201231,2020 Q4,Active,42283000,45861030,0,0,50232000,54482682,EUR,1.084621,1.188
532,20,DDL1-CRLN,4,DDL1,44286,20210331,2021 Q1,Partially Realized,54209000,58659500,562000,603114,64400000,69111311,EUR,1.073157,1.198
533,20,DDL1-CRLN,4,DDL1,44377,20210630,2021 Q2,Partially Realized,54209000,58659500,1124000,1196495,64958000,68585125,EUR,1.055838,1.219
534,20,DDL1-CRLN,4,DDL1,44469,20210930,2021 Q3,Partially Realized,54209000,58659500,1686000,1785119,65190000,68278311,EUR,1.047374,1.234
535,20,DDL1-CRLN,4,DDL1,44561,20211231,2021 Q4,Partially Realized,54209000,58659500,2248000,2372147,65423000,68336482,EUR,1.044533,1.248
536,20,DDL1-CRLN,4,DDL1,44651,20220331,2022 Q1,Partially Realized,54209000,58659500,2810000,2951346,65654000,67663209,EUR,1.030603,1.263
537,20,DDL1-CRLN,4,DDL1,44742,20220630,2022 Q2,Partially Realized,54209000,58659500,3372000,3519581,65887000,66617950,EUR,1.011094,1.278
538,20,DDL1-CRLN,4,DDL1,44834,20220930,2022 Q3,Partially Realized,54209000,58659500,3934000,4081609,66120000,66123240,EUR,1.000049,1.292
539,20,DDL1-CRLN,4,DDL1,44926,20221231,2022 Q4,Partially Realized,54209000,58659500,4496000,4640433,66352000,65976978,EUR,0.994348,1.307
540,20,DDL1-CRLN,4,DDL1,45016,20230331,2023 Q1,Partially Realized,54209000,58659500,5058000,5192830,58326000,57329325,EUR,0.982912,1.169
541,20,DDL1-CRLN,4,DDL1,45107,20230630,2023 Q2,Partially Realized,54209000,58659500,5620000,5735842,50299000,48599598,EUR,0.966214,1.032
542,20,DDL1-CRLN,4,DDL1,45199,20230930,2023 Q3,Partially Realized,54209000,58659500,6182000,6274022,42272000,40480301,EUR,0.957615,0.894
543,20,DDL1-CRLN,4,DDL1,45291,20231231,2023 Q4,Partially Realized,54209000,58659500,6744000,6810255,34247000,32676809,EUR,0.954151,0.756
544,20,DDL1-CRLN,4,DDL1,45382,20240331,2024 Q1,Partially Realized,54209000,58659500,7306000,7344183,26220000,24910285,EUR,0.950049,0.618
545,20,DDL1-CRLN,4,DDL1,45473,20240630,2024 Q2,Partially Realized,54209000,58659500,33074000,31593340,18193000,17120650,EUR,0.941057,0.946
546,20,DDL1-CRLN,4,DDL1,45565,20240930,2024 Q3,Partially Realized,54209000,58659500,58842000,55817347,10168000,9558744,EUR,0.940081,1.273
547,20,DDL1-CRLN,4,DDL1,45657,20241231,2024 Q4,Partially Realized,54209000,58659500,58842000,55817347,10168000,9599273,EUR,0.944067,1.273
548,20,DDL1-CRLN,4,DDL1,45747,20250331,2025 Q1,Partially Realized,54209000,58659500,58842000,55817347,10168000,9558296,EUR,0.940037,1.273
549,20,DDL1-CRLN,4,DDL1,45838,20250630,2025 Q2,Partially Realized,54209000,58659500,58842000,55817347,10168000,9467415,EUR,0.931099,1.273
550,20,DDL1-CRLN,4,DDL1,45930,20250930,2025 Q3,Partially Realized,54209000,58659500,58842000,55817347,10168000,9457186,EUR,0.930093,1.273
551,20,DDL1-CRLN,4,DDL1,46022,20251231,2025 Q4,Partially Realized,54209000,58659500,58842000,55817347,10168000,9496881,EUR,0.933997,1.273
552,21,DDL1-DTLN,4,DDL1,44377,20210630,2021 Q2,Active,67974000,71769532,0,0,80753000,85262086,EUR,1.055838,1.188
553,21,DDL1-DTLN,4,DDL1,44469,20210930,2021 Q3,Partially Realized,87146000,91849786,781000,817999,103530000,108434630,EUR,1.047374,1.197
554,21,DDL1-DTLN,4,DDL1,44561,20211231,2021 Q4,Partially Realized,87146000,91849786,1562000,1633779,104426000,109076403,EUR,1.044533,1.216
555,21,DDL1-DTLN,4,DDL1,44651,20220331,2022 Q1,Partially Realized,87146000,91849786,2343000,2438680,104800000,108007194,EUR,1.030603,1.229
556,21,DDL1-DTLN,4,DDL1,44742,20220630,2022 Q2,Partially Realized,87146000,91849786,3124000,3228344,105173000,106339789,EUR,1.011094,1.243
557,21,DDL1-DTLN,4,DDL1,44834,20220930,2022 Q3,Partially Realized,87146000,91849786,3905000,4009382,105546000,105551172,EUR,1.000049,1.256
558,21,DDL1-DTLN,4,DDL1,44926,20221231,2022 Q4,Partially Realized,87146000,91849786,4686000,4785968,105919000,105320346,EUR,0.994348,1.269
559,21,DDL1-DTLN,4,DDL1,45016,20230331,2023 Q1,Partially Realized,87146000,91849786,5467000,5553622,106294000,104477648,EUR,0.982912,1.282
560,21,DDL1-DTLN,4,DDL1,45107,20230630,2023 Q2,Partially Realized,87146000,91849786,6248000,6308235,106667000,103063149,EUR,0.966214,1.296
561,21,DDL1-DTLN,4,DDL1,45199,20230930,2023 Q3,Partially Realized,87146000,91849786,7029000,7056132,95395000,91351683,EUR,0.957615,1.175
562,21,DDL1-DTLN,4,DDL1,45291,20231231,2023 Q4,Partially Realized,87146000,91849786,7810000,7801324,84124000,80266999,EUR,0.954151,1.055
563,21,DDL1-DTLN,4,DDL1,45382,20240331,2024 Q1,Partially Realized,87146000,91849786,8591000,8543312,72852000,69212970,EUR,0.950049,0.935
564,21,DDL1-DTLN,4,DDL1,45473,20240630,2024 Q2,Partially Realized,87146000,91849786,9372000,9278278,61580000,57950290,EUR,0.941057,0.814
565,21,DDL1-DTLN,4,DDL1,45565,20240930,2024 Q3,Partially Realized,87146000,91849786,10153000,10012481,50308000,47293595,EUR,0.940081,0.694
566,21,DDL1-DTLN,4,DDL1,45657,20241231,2024 Q4,Partially Realized,87146000,91849786,47375000,45152543,39036000,36852599,EUR,0.944067,0.992
567,21,DDL1-DTLN,4,DDL1,45747,20250331,2025 Q1,Partially Realized,87146000,91849786,84597000,80142600,27764000,26099187,EUR,0.940037,1.289
568,21,DDL1-DTLN,4,DDL1,45838,20250630,2025 Q2,Partially Realized,87146000,91849786,84597000,80142600,27764000,25851033,EUR,0.931099,1.289
569,21,DDL1-DTLN,4,DDL1,45930,20250930,2025 Q3,Partially Realized,87146000,91849786,84597000,80142600,27764000,25823102,EUR,0.930093,1.289
570,21,DDL1-DTLN,4,DDL1,46022,20251231,2025 Q4,Partially Realized,87146000,91849786,84597000,80142600,27764000,25931493,EUR,0.933997,1.289
571,22,DDL1-EGLN,4,DDL1,44561,20211231,2021 Q4,Active,67107000,70095476,0,0,79722000,83272260,EUR,1.044533,1.188
572,22,DDL1-EGLN,4,DDL1,44651,20220331,2022 Q1,Partially Realized,86034000,89601699,891000,918267,102209000,105336902,EUR,1.030603,1.198
573,22,DDL1-EGLN,4,DDL1,44742,20220630,2022 Q2,Partially Realized,86034000,89601699,1782000,1819152,103093000,104236714,EUR,1.011094,1.219
574,22,DDL1-EGLN,4,DDL1,44834,20220930,2022 Q3,Partially Realized,86034000,89601699,2673000,2710196,103462000,103467070,EUR,1.000049,1.234
575,22,DDL1-EGLN,4,DDL1,44926,20221231,2022 Q4,Partially Realized,86034000,89601699,3564000,3596160,103831000,103244147,EUR,0.994348,1.248
576,22,DDL1-EGLN,4,DDL1,45016,20230331,2023 Q1,Partially Realized,86034000,89601699,4455000,4471935,104200000,102419430,EUR,0.982912,1.263
577,22,DDL1-EGLN,4,DDL1,45107,20230630,2023 Q2,Partially Realized,86034000,89601699,5346000,5332832,104568000,101035066,EUR,0.966214,1.278
578,22,DDL1-EGLN,4,DDL1,45199,20230930,2023 Q3,Partially Realized,86034000,89601699,6237000,6186067,104936000,100488288,EUR,0.957615,1.292
579,22,DDL1-EGLN,4,DDL1,45291,20231231,2023 Q4,Partially Realized,86034000,89601699,7128000,7036216,105306000,100477825,EUR,0.954151,1.307
580,22,DDL1-EGLN,4,DDL1,45382,20240331,2024 Q1,Partially Realized,86034000,89601699,8019000,7882710,94651000,89923088,EUR,0.950049,1.193
581,22,DDL1-EGLN,4,DDL1,45473,20240630,2024 Q2,Partially Realized,86034000,89601699,8910000,8721192,83996000,79045024,EUR,0.941057,1.08
582,22,DDL1-EGLN,4,DDL1,45565,20240930,2024 Q3,Partially Realized,86034000,89601699,9801000,9558804,73343000,68948361,EUR,0.940081,0.966
583,22,DDL1-EGLN,4,DDL1,45657,20241231,2024 Q4,Partially Realized,86034000,89601699,10692000,10399968,62688000,59181672,EUR,0.944067,0.853
584,22,DDL1-EGLN,4,DDL1,45747,20250331,2025 Q1,Partially Realized,86034000,89601699,11583000,11237541,52033000,48912945,EUR,0.940037,0.739
585,22,DDL1-EGLN,4,DDL1,45838,20250630,2025 Q2,Partially Realized,86034000,89601699,43839000,41271070,41378000,38527014,EUR,0.931099,0.991
586,22,DDL1-EGLN,4,DDL1,45930,20250930,2025 Q3,Partially Realized,86034000,89601699,76095000,71272150,30725000,28577107,EUR,0.930093,1.242
587,22,DDL1-EGLN,4,DDL1,46022,20251231,2025 Q4,Partially Realized,86034000,89601699,76095000,71272150,30725000,28697058,EUR,0.933997,1.242
588,23,DDL1-FMLN,4,DDL1,44742,20220630,2022 Q2,Active,56641000,57269375,0,0,67290000,68036515,EUR,1.011094,1.188
589,23,DDL1-FMLN,4,DDL1,44834,20220930,2022 Q3,Partially Realized,72617000,73246158,812000,812040,86269000,86273227,EUR,1.000049,1.199
590,23,DDL1-FMLN,4,DDL1,44926,20221231,2022 Q4,Partially Realized,72617000,73246158,1624000,1619451,87067000,86574897,EUR,0.994348,1.221
591,23,DDL1-FMLN,4,DDL1,45016,20230331,2023 Q1,Partially Realized,72617000,73246158,2436000,2417576,87431000,85936979,EUR,0.982912,1.238
592,23,DDL1-FMLN,4,DDL1,45107,20230630,2023 Q2,Partially Realized,72617000,73246158,3248000,3202142,87794000,84827792,EUR,0.966214,1.254
593,23,DDL1-FMLN,4,DDL1,45199,20230930,2023 Q3,Partially Realized,72617000,73246158,4060000,3979725,88157000,84420466,EUR,0.957615,1.27
594,23,DDL1-FMLN,4,DDL1,45291,20231231,2023 Q4,Partially Realized,72617000,73246158,4872000,4754496,88520000,84461447,EUR,0.954151,1.286
595,23,DDL1-FMLN,4,DDL1,45382,20240331,2024 Q1,Partially Realized,72617000,73246158,5684000,5525936,88883000,84443205,EUR,0.950049,1.302
596,23,DDL1-FMLN,4,DDL1,45473,20240630,2024 Q2,Partially Realized,72617000,73246158,6496000,6290074,81961000,77129973,EUR,0.941057,1.218
597,23,DDL1-FMLN,4,DDL1,45565,20240930,2024 Q3,Partially Realized,72617000,73246158,7308000,7053420,75040000,70543678,EUR,0.940081,1.134
598,23,DDL1-FMLN,4,DDL1,45657,20241231,2024 Q4,Partially Realized,72617000,73246158,27576000,26187770,68117000,64307012,EUR,0.944067,1.318
599,23,DDL1-FMLN,4,DDL1,45747,20250331,2025 Q1,Partially Realized,72617000,73246158,28388000,26951080,61195000,57525564,EUR,0.940037,1.234
600,23,DDL1-FMLN,4,DDL1,45838,20250630,2025 Q2,Partially Realized,72617000,73246158,29200000,27707132,54272000,50532605,EUR,0.931099,1.149
601,23,DDL1-FMLN,4,DDL1,45930,20250930,2025 Q3,Partially Realized,72617000,73246158,30012000,28462368,47351000,44040834,EUR,0.930093,1.065
602,23,DDL1-FMLN,4,DDL1,46022,20251231,2025 Q4,Partially Realized,72617000,73246158,54603000,51430288,40429000,37760565,EUR,0.933997,1.309
603,24,DDL1-GSLN,4,DDL1,44926,20221231,2022 Q4,Active,40787000,40556472,0,0,48455000,48181132,EUR,0.994348,1.188
604,24,DDL1-GSLN,4,DDL1,45016,20230331,2023 Q1,Partially Realized,52291000,51863892,645000,633978,62122000,61060459,EUR,0.982912,1.2
605,24,DDL1-GSLN,4,DDL1,45107,20230630,2023 Q2,Partially Realized,52291000,51863892,1290000,1257186,62696000,60577753,EUR,0.966214,1.224
606,24,DDL1-GSLN,4,DDL1,45199,20230930,2023 Q3,Partially Realized,52291000,51863892,1935000,1874848,62958000,60289525,EUR,0.957615,1.241
607,24,DDL1-GSLN,4,DDL1,45291,20231231,2023 Q4,Partially Realized,52291000,51863892,2580000,2490275,63220000,60321426,EUR,0.954151,1.258
608,24,DDL1-GSLN,4,DDL1,45382,20240331,2024 Q1,Partially Realized,52291000,51863892,3225000,3103057,63481000,60310061,EUR,0.950049,1.276
609,24,DDL1-GSLN,4,DDL1,45473,20240630,2024 Q2,Partially Realized,52291000,51863892,3870000,3710039,63743000,59985796,EUR,0.941057,1.293
610,24,DDL1-GSLN,4,DDL1,45565,20240930,2024 Q3,Partially Realized,52291000,51863892,4515000,4316391,64004000,60168944,EUR,0.940081,1.31
611,24,DDL1-GSLN,4,DDL1,45657,20241231,2024 Q4,Partially Realized,52291000,51863892,13713000,12999919,59272000,55956739,EUR,0.944067,1.396
612,24,DDL1-GSLN,4,DDL1,45747,20250331,2025 Q1,Partially Realized,52291000,51863892,14358000,13606243,54538000,51267738,EUR,0.940037,1.318
613,24,DDL1-GSLN,4,DDL1,45838,20250630,2025 Q2,Partially Realized,52291000,51863892,15003000,14206802,49805000,46373386,EUR,0.931099,1.239
614,24,DDL1-GSLN,4,DDL1,45930,20250930,2025 Q3,Partially Realized,52291000,51863892,15648000,14806712,45072000,41921152,EUR,0.930093,1.161
615,24,DDL1-GSLN,4,DDL1,46022,20251231,2025 Q4,Partially Realized,52291000,51863892,26746000,25172211,40338000,37675571,EUR,0.933997,1.283
616,25,DDL1-HPLN,4,DDL1,45107,20230630,2023 Q2,Active,31429000,30367140,0,0,37338000,36076498,EUR,0.966214,1.188
617,25,DDL1-HPLN,4,DDL1,45199,20230930,2023 Q3,Partially Realized,40294000,38856397,584000,559247,47869000,45840072,EUR,0.957615,1.202
618,25,DDL1-HPLN,4,DDL1,45291,20231231,2023 Q4,Partially Realized,40294000,38856397,1168000,1116471,48312000,46096943,EUR,0.954151,1.228
619,25,DDL1-HPLN,4,DDL1,45382,20240331,2024 Q1,Partially Realized,40294000,38856397,1752000,1671300,48514000,46090677,EUR,0.950049,1.247
620,25,DDL1-HPLN,4,DDL1,45473,20240630,2024 Q2,Partially Realized,40294000,38856397,2336000,2220877,48715000,45843592,EUR,0.941057,1.267
621,25,DDL1-HPLN,4,DDL1,45565,20240930,2024 Q3,Partially Realized,40294000,38856397,2920000,2769884,48917000,45985942,EUR,0.940081,1.286
622,25,DDL1-HPLN,4,DDL1,45657,20241231,2024 Q4,Partially Realized,40294000,38856397,8321000,7868790,49118000,46370683,EUR,0.944067,1.425
623,25,DDL1-HPLN,4,DDL1,45747,20250331,2025 Q1,Partially Realized,40294000,38856397,8905000,8417772,49320000,46362625,EUR,0.940037,1.445
624,25,DDL1-HPLN,4,DDL1,45838,20250630,2025 Q2,Partially Realized,40294000,38856397,9489000,8961534,45113000,42004669,EUR,0.931099,1.355
625,25,DDL1-HPLN,4,DDL1,45930,20250930,2025 Q3,Partially Realized,40294000,38856397,10073000,9504708,40907000,38047314,EUR,0.930093,1.265
626,25,DDL1-HPLN,4,DDL1,46022,20251231,2025 Q4,Partially Realized,40294000,38856397,16544000,15548603,36700000,34277690,EUR,0.933997,1.321
627,26,ER1-RLP,5,ER1,43190,20180331,2018 Q1,Active,43811000,50641266,0,0,42059000,48616124,EUR,1.155903,0.96
628,26,ER1-RLP,5,ER1,43281,20180630,2018 Q2,Active,62066000,71460528,0,0,59584000,67953705,EUR,1.140469,0.96
629,26,ER1-RLP,5,ER1,43373,20180930,2018 Q3,Active,73019000,83886805,0,0,70098000,79526812,EUR,1.134509,0.96
630,26,ER1-RLP,5,ER1,43465,20181231,2018 Q4,Active,73019000,83886805,0,0,74688000,84758706,EUR,1.134837,1.023
631,26,ER1-RLP,5,ER1,43555,20190331,2019 Q1,Active,73019000,83886805,0,0,77818000,87418718,EUR,1.123374,1.066
632,26,ER1-RLP,5,ER1,43646,20190630,2019 Q2,Partially Realized,73019000,83886805,384000,424582,80948000,89502747,EUR,1.105682,1.114
633,26,ER1-RLP,5,ER1,43738,20190930,2019 Q3,Partially Realized,73019000,83886805,773000,851377,84078000,92247018,EUR,1.09716,1.162
634,26,ER1-RLP,5,ER1,43830,20191231,2019 Q4,Partially Realized,73019000,83886805,1166000,1281593,87208000,95466249,EUR,1.094696,1.21
635,26,ER1-RLP,5,ER1,43921,20200331,2020 Q1,Partially Realized,73019000,83886805,1564000,1715612,90338000,98513499,EUR,1.090499,1.259
636,26,ER1-RLP,5,ER1,44012,20200630,2020 Q2,Partially Realized,73019000,83886805,1966000,2149979,93468000,100993576,EUR,1.080515,1.307
637,26,ER1-RLP,5,ER1,44104,20200930,2020 Q3,Partially Realized,73019000,83886805,2373000,2589391,96597000,104289599,EUR,1.079636,1.355
638,26,ER1-RLP,5,ER1,44196,20201231,2020 Q4,Partially Realized,73019000,83886805,2784000,3035170,99727000,108165998,EUR,1.084621,1.404
639,26,ER1-RLP,5,ER1,44286,20210331,2021 Q1,Partially Realized,73019000,83886805,3200000,3481603,102857000,110381710,EUR,1.073157,1.452
640,26,ER1-RLP,5,ER1,44377,20210630,2021 Q2,Partially Realized,73019000,83886805,3620000,3925055,105987000,111905102,EUR,1.055838,1.501
641,26,ER1-RLP,5,ER1,44469,20210930,2021 Q3,Partially Realized,73019000,83886805,4045000,4370189,96352000,100916580,EUR,1.047374,1.375
642,26,ER1-RLP,5,ER1,44561,20211231,2021 Q4,Partially Realized,73019000,83886805,4474000,4818294,86717000,90578768,EUR,1.044533,1.249
643,26,ER1-RLP,5,ER1,44651,20220331,2022 Q1,Partially Realized,73019000,83886805,4908000,5265576,77081000,79439910,EUR,1.030603,1.123
644,26,ER1-RLP,5,ER1,44742,20220630,2022 Q2,Partially Realized,73019000,83886805,5346000,5708435,67446000,68194246,EUR,1.011094,0.997
645,26,ER1-RLP,5,ER1,44834,20220930,2022 Q3,Partially Realized,73019000,83886805,5789000,6151457,57811000,57813833,EUR,1.000049,0.871
646,26,ER1-RLP,5,ER1,44926,20221231,2022 Q4,Partially Realized,73019000,83886805,6236000,6595931,48176000,47903709,EUR,0.994348,0.745
647,26,ER1-RLP,5,ER1,45016,20230331,2023 Q1,Partially Realized,73019000,83886805,27031000,27035586,38541000,37882411,EUR,0.982912,0.898
648,26,ER1-RLP,5,ER1,45107,20230630,2023 Q2,Partially Realized,73019000,83886805,27487000,27476180,28906000,27929382,EUR,0.966214,0.772
649,26,ER1-RLP,5,ER1,45199,20230930,2023 Q3,Partially Realized,73019000,83886805,27948000,27917641,19270000,18453241,EUR,0.957615,0.647
650,26,ER1-RLP,5,ER1,45291,20231231,2023 Q4,Partially Realized,73019000,83886805,28413000,28361321,9635000,9193245,EUR,0.954151,0.521
651,26,ER1-RLP,5,ER1,45382,20240331,2024 Q1,Realized,73019000,83886805,110255000,106115231,0,0,EUR,0.950049,1.51
652,26,ER1-RLP,5,ER1,45473,20240630,2024 Q2,Realized,73019000,83886805,110255000,106115231,0,0,EUR,0.941057,1.51
653,26,ER1-RLP,5,ER1,45565,20240930,2024 Q3,Realized,73019000,83886805,110255000,106115231,0,0,EUR,0.940081,1.51
654,26,ER1-RLP,5,ER1,45657,20241231,2024 Q4,Realized,73019000,83886805,110255000,106115231,0,0,EUR,0.944067,1.51
655,26,ER1-RLP,5,ER1,45747,20250331,2025 Q1,Realized,73019000,83886805,110255000,106115231,0,0,EUR,0.940037,1.51
656,26,ER1-RLP,5,ER1,45838,20250630,2025 Q2,Realized,73019000,83886805,110255000,106115231,0,0,EUR,0.931099,1.51
657,26,ER1-RLP,5,ER1,45930,20250930,2025 Q3,Realized,73019000,83886805,110255000,106115231,0,0,EUR,0.930093,1.51
658,26,ER1-RLP,5,ER1,46022,20251231,2025 Q4,Realized,73019000,83886805,110255000,106115231,0,0,EUR,0.933997,1.51
659,27,ER1-LLP,5,ER1,43373,20180930,2018 Q3,Active,60152000,68242985,0,0,57746000,65513357,EUR,1.134509,0.96
660,27,ER1-LLP,5,ER1,43465,20181231,2018 Q4,Active,85216000,96686540,0,0,81807000,92837610,EUR,1.134837,0.96
661,27,ER1-LLP,5,ER1,43555,20190331,2019 Q1,Active,100254000,113579838,0,0,96244000,108118007,EUR,1.123374,0.96
662,27,ER1-LLP,5,ER1,43646,20190630,2019 Q2,Active,100254000,113579838,0,0,101532000,112262105,EUR,1.105682,1.013
663,27,ER1-LLP,5,ER1,43738,20190930,2019 Q3,Active,100254000,113579838,0,0,104816000,114999923,EUR,1.09716,1.046
664,27,ER1-LLP,5,ER1,43830,20191231,2019 Q4,Partially Realized,100254000,113579838,550000,602083,108099000,118335543,EUR,1.094696,1.084
665,27,ER1-LLP,5,ER1,43921,20200331,2020 Q1,Partially Realized,100254000,113579838,1105000,1207310,111382000,121461960,EUR,1.090499,1.122
666,27,ER1-LLP,5,ER1,44012,20200630,2020 Q2,Partially Realized,100254000,113579838,1666000,1813479,114666000,123898333,EUR,1.080515,1.16
667,27,ER1-LLP,5,ER1,44104,20200930,2020 Q3,Partially Realized,100254000,113579838,2233000,2425633,117949000,127341987,EUR,1.079636,1.199
668,27,ER1-LLP,5,ER1,44196,20201231,2020 Q4,Partially Realized,100254000,113579838,2806000,3047121,121232000,131490773,EUR,1.084621,1.237
669,27,ER1-LLP,5,ER1,44286,20210331,2021 Q1,Partially Realized,100254000,113579838,3385000,3668479,124516000,133625217,EUR,1.073157,1.276
670,27,ER1-LLP,5,ER1,44377,20210630,2021 Q2,Partially Realized,100254000,113579838,3969000,4285088,127799000,134935041,EUR,1.055838,1.314
671,27,ER1-LLP,5,ER1,44469,20210930,2021 Q3,Partially Realized,100254000,113579838,4559000,4903039,131082000,137291879,EUR,1.047374,1.353
672,27,ER1-LLP,5,ER1,44561,20211231,2021 Q4,Partially Realized,100254000,113579838,5155000,5525581,134366000,140349721,EUR,1.044533,1.392
673,27,ER1-LLP,5,ER1,44651,20220331,2022 Q1,Partially Realized,100254000,113579838,5757000,6146004,137649000,141861472,EUR,1.030603,1.43
674,27,ER1-LLP,5,ER1,44742,20220630,2022 Q2,Partially Realized,100254000,113579838,6365000,6760749,128906000,130336083,EUR,1.011094,1.349
675,27,ER1-LLP,5,ER1,44834,20220930,2022 Q3,Partially Realized,100254000,113579838,6979000,7374779,120163000,120168888,EUR,1.000049,1.268
676,27,ER1-LLP,5,ER1,44926,20221231,2022 Q4,Partially Realized,100254000,113579838,7598000,7990280,111420000,110790254,EUR,0.994348,1.187
677,27,ER1-LLP,5,ER1,45016,20230331,2023 Q1,Partially Realized,100254000,113579838,8223000,8604600,102677000,100922455,EUR,0.982912,1.106
678,27,ER1-LLP,5,ER1,45107,20230630,2023 Q2,Partially Realized,100254000,113579838,8854000,9214281,93934000,90760346,EUR,0.966214,1.025
679,27,ER1-LLP,5,ER1,45199,20230930,2023 Q3,Partially Realized,100254000,113579838,9491000,9824282,85191000,81580179,EUR,0.957615,0.944
680,27,ER1-LLP,5,ER1,45291,20231231,2023 Q4,Partially Realized,100254000,113579838,10134000,10437801,76448000,72942936,EUR,0.954151,0.864
681,27,ER1-LLP,5,ER1,45382,20240331,2024 Q1,Partially Realized,100254000,113579838,30422000,29712395,67705000,64323068,EUR,0.950049,0.979
682,27,ER1-LLP,5,ER1,45473,20240630,2024 Q2,Partially Realized,100254000,113579838,31076000,30327846,58962000,55486603,EUR,0.941057,0.898
683,27,ER1-LLP,5,ER1,45565,20240930,2024 Q3,Partially Realized,100254000,113579838,31736000,30948299,50219000,47209928,EUR,0.940081,0.817
684,27,ER1-LLP,5,ER1,45657,20241231,2024 Q4,Partially Realized,100254000,113579838,32402000,31577048,41476000,39156123,EUR,0.944067,0.737
685,27,ER1-LLP,5,ER1,45747,20250331,2025 Q1,Partially Realized,100254000,113579838,111633000,106057120,32733000,30770231,EUR,0.940037,1.44
686,27,ER1-LLP,5,ER1,45838,20250630,2025 Q2,Partially Realized,100254000,113579838,111633000,106057120,32733000,30477664,EUR,0.931099,1.44
687,27,ER1-LLP,5,ER1,45930,20250930,2025 Q3,Partially Realized,100254000,113579838,111633000,106057120,32733000,30444734,EUR,0.930093,1.44
688,27,ER1-LLP,5,ER1,46022,20251231,2025 Q4,Partially Realized,100254000,113579838,111633000,106057120,32733000,30572524,EUR,0.933997,1.44
689,28,ER1-MUL,5,ER1,43555,20190331,2019 Q1,Active,77780000,87376030,0,0,74669000,83881213,EUR,1.123374,0.96
690,28,ER1-MUL,5,ER1,43646,20190630,2019 Q2,Active,110188000,123208972,0,0,105781000,116960148,EUR,1.105682,0.96
691,28,ER1-MUL,5,ER1,43738,20190930,2019 Q3,Active,129633000,144543248,0,0,124449000,136540465,EUR,1.09716,0.96
692,28,ER1-MUL,5,ER1,43830,20191231,2019 Q4,Active,129633000,144543248,0,0,132297000,144824997,EUR,1.094696,1.021
693,28,ER1-MUL,5,ER1,43921,20200331,2020 Q1,Active,129633000,144543248,0,0,137552000,150000318,EUR,1.090499,1.061
694,28,ER1-MUL,5,ER1,44012,20200630,2020 Q2,Partially Realized,129633000,144543248,644000,695852,142808000,154306186,EUR,1.080515,1.107
695,28,ER1-MUL,5,ER1,44104,20200930,2020 Q3,Partially Realized,129633000,144543248,1295000,1398695,148064000,159855225,EUR,1.079636,1.152
696,28,ER1-MUL,5,ER1,44196,20201231,2020 Q4,Partially Realized,129633000,144543248,1952000,2111291,153319000,166293007,EUR,1.084621,1.198
697,28,ER1-MUL,5,ER1,44286,20210331,2021 Q1,Partially Realized,129633000,144543248,2616000,2823867,158575000,170175871,EUR,1.073157,1.243
698,28,ER1-MUL,5,ER1,44377,20210630,2021 Q2,Partially Realized,129633000,144543248,3286000,3531278,163830000,172977940,EUR,1.055838,1.289
699,28,ER1-MUL,5,ER1,44469,20210930,2021 Q3,Partially Realized,129633000,144543248,3963000,4240350,169086000,177096280,EUR,1.047374,1.335
700,28,ER1-MUL,5,ER1,44561,20211231,2021 Q4,Partially Realized,129633000,144543248,4646000,4953766,174341000,182104928,EUR,1.044533,1.381
701,28,ER1-MUL,5,ER1,44651,20220331,2022 Q1,Partially Realized,129633000,144543248,5336000,5664882,179597000,185093207,EUR,1.030603,1.427
702,28,ER1-MUL,5,ER1,44742,20220630,2022 Q2,Partially Realized,129633000,144543248,6032000,6368603,184852000,186902748,EUR,1.011094,1.472
703,28,ER1-MUL,5,ER1,44834,20220930,2022 Q3,Partially Realized,129633000,144543248,6735000,7071637,190108000,190117315,EUR,1.000049,1.518
704,28,ER1-MUL,5,ER1,44926,20221231,2022 Q4,Partially Realized,129633000,144543248,7444000,7776630,183879000,182839716,EUR,0.994348,1.476
705,28,ER1-MUL,5,ER1,45016,20230331,2023 Q1,Partially Realized,129633000,144543248,8160000,8480395,177649000,174613334,EUR,0.982912,1.433
706,28,ER1-MUL,5,ER1,45107,20230630,2023 Q2,Partially Realized,129633000,144543248,8882000,9178002,171420000,165628404,EUR,0.966214,1.391
707,28,ER1-MUL,5,ER1,45199,20230930,2023 Q3,Partially Realized,129633000,144543248,9611000,9876103,165190000,158188422,EUR,0.957615,1.348
708,28,ER1-MUL,5,ER1,45291,20231231,2023 Q4,Partially Realized,129633000,144543248,10346000,10577404,158961000,151672797,EUR,0.954151,1.306
709,28,ER1-MUL,5,ER1,45382,20240331,2024 Q1,Partially Realized,129633000,144543248,11088000,11282340,152732000,145102884,EUR,0.950049,1.264
710,28,ER1-MUL,5,ER1,45473,20240630,2024 Q2,Partially Realized,129633000,144543248,33662000,32525761,146502000,137866733,EUR,0.941057,1.39
711,28,ER1-MUL,5,ER1,45565,20240930,2024 Q3,Partially Realized,129633000,144543248,34417000,33235522,140273000,131867982,EUR,0.940081,1.348
712,28,ER1-MUL,5,ER1,45657,20241231,2024 Q4,Partially Realized,129633000,144543248,35178000,33953957,134043000,126545573,EUR,0.944067,1.305
713,28,ER1-MUL,5,ER1,45747,20250331,2025 Q1,Partially Realized,129633000,144543248,35946000,34675905,127814000,120149889,EUR,0.940037,1.263
714,28,ER1-MUL,5,ER1,45838,20250630,2025 Q2,Partially Realized,129633000,144543248,36720000,35396576,121585000,113207672,EUR,0.931099,1.221
715,28,ER1-MUL,5,ER1,45930,20250930,2025 Q3,Partially Realized,129633000,144543248,37501000,36122979,115355000,107290878,EUR,0.930093,1.179
716,28,ER1-MUL,5,ER1,46022,20251231,2025 Q4,Partially Realized,129633000,144543248,89214000,84422766,109126000,101923357,EUR,0.933997,1.53
717,29,ER1-BFO,5,ER1,43738,20190930,2019 Q3,Active,100421000,110177904,0,0,96404000,105770613,EUR,1.09716,0.96
718,29,ER1-BFO,5,ER1,43830,20191231,2019 Q4,Active,142263000,155982174,0,0,136572000,149504822,EUR,1.094696,0.96
719,29,ER1-BFO,5,ER1,43921,20200331,2020 Q1,Active,167368000,183359151,0,0,160673000,175213746,EUR,1.090499,0.96
720,29,ER1-BFO,5,ER1,44012,20200630,2020 Q2,Active,167368000,183359151,0,0,170974000,184739972,EUR,1.080515,1.022
721,29,ER1-BFO,5,ER1,44104,20200930,2020 Q3,Active,167368000,183359151,0,0,177927000,192096395,EUR,1.079636,1.063
722,29,ER1-BFO,5,ER1,44196,20201231,2020 Q4,Partially Realized,167368000,183359151,1047000,1135598,184881000,200525815,EUR,1.084621,1.111
723,29,ER1-BFO,5,ER1,44286,20210331,2021 Q1,Partially Realized,167368000,183359151,2106000,2272071,191834000,205868000,EUR,1.073157,1.159
724,29,ER1-BFO,5,ER1,44377,20210630,2021 Q2,Partially Realized,167368000,183359151,3177000,3402873,198788000,209887924,EUR,1.055838,1.207
725,29,ER1-BFO,5,ER1,44469,20210930,2021 Q3,Partially Realized,167368000,183359151,4259000,4536132,205741000,215487774,EUR,1.047374,1.255
726,29,ER1-BFO,5,ER1,44561,20211231,2021 Q4,Partially Realized,167368000,183359151,5353000,5678851,212694000,222165902,EUR,1.044533,1.303
727,29,ER1-BFO,5,ER1,44651,20220331,2022 Q1,Partially Realized,167368000,183359151,6458000,6817667,219648000,226369888,EUR,1.030603,1.351
728,29,ER1-BFO,5,ER1,44742,20220630,2022 Q2,Partially Realized,167368000,183359151,7575000,7947059,226601000,229114911,EUR,1.011094,1.399
729,29,ER1-BFO,5,ER1,44834,20220930,2022 Q3,Partially Realized,167368000,183359151,8704000,9076114,233555000,233566444,EUR,1.000049,1.447
730,29,ER1-BFO,5,ER1,44926,20221231,2022 Q4,Partially Realized,167368000,183359151,9844000,10209671,240508000,239148649,EUR,0.994348,1.496
731,29,ER1-BFO,5,ER1,45016,20230331,2023 Q1,Partially Realized,167368000,183359151,10996000,11341986,234734000,230722865,EUR,0.982912,1.468
732,29,ER1-BFO,5,ER1,45107,20230630,2023 Q2,Partially Realized,167368000,183359151,12160000,12466659,228960000,221224357,EUR,0.966214,1.441
733,29,ER1-BFO,5,ER1,45199,20230930,2023 Q3,Partially Realized,167368000,183359151,13335000,13591857,223185000,213725304,EUR,0.957615,1.413
734,29,ER1-BFO,5,ER1,45291,20231231,2023 Q4,Partially Realized,167368000,183359151,14522000,14724434,217411000,207442923,EUR,0.954151,1.386
735,29,ER1-BFO,5,ER1,45382,20240331,2024 Q1,Partially Realized,167368000,183359151,15721000,15863543,211637000,201065520,EUR,0.950049,1.358
736,29,ER1-BFO,5,ER1,45473,20240630,2024 Q2,Partially Realized,167368000,183359151,34053000,33115000,205863000,193728817,EUR,0.941057,1.433
737,29,ER1-BFO,5,ER1,45565,20240930,2024 Q3,Partially Realized,167368000,183359151,35275000,34263779,200089000,188099867,EUR,0.940081,1.406
738,29,ER1-BFO,5,ER1,45657,20241231,2024 Q4,Partially Realized,167368000,183359151,36508000,35427814,194314000,183445435,EUR,0.944067,1.379
739,29,ER1-BFO,5,ER1,45747,20250331,2025 Q1,Partially Realized,167368000,183359151,37753000,36598160,188540000,177234576,EUR,0.940037,1.352
740,29,ER1-BFO,5,ER1,45838,20250630,2025 Q2,Partially Realized,167368000,183359151,39010000,37768551,182766000,170173240,EUR,0.931099,1.325
741,29,ER1-BFO,5,ER1,45930,20250930,2025 Q3,Partially Realized,167368000,183359151,40278000,38947909,176992000,164619020,EUR,0.930093,1.298
742,29,ER1-BFO,5,ER1,46022,20251231,2025 Q4,Partially Realized,167368000,183359151,81509000,77457539,171217000,159916164,EUR,0.933997,1.51
743,30,ER1-DLM,5,ER1,44012,20200630,2020 Q2,Active,76827000,83012726,0,0,73754000,79692303,EUR,1.080515,0.96
744,30,ER1-DLM,5,ER1,44104,20200930,2020 Q3,Active,108838000,117572954,0,0,104485000,112805767,EUR,1.079636,0.96
745,30,ER1-DLM,5,ER1,44196,20201231,2020 Q4,Active,128045000,138405270,0,0,122923000,133324867,EUR,1.084621,0.96
746,30,ER1-DLM,5,ER1,44286,20210331,2021 Q1,Active,128045000,138405270,0,0,129793000,139288267,EUR,1.073157,1.014
747,30,ER1-DLM,5,ER1,44377,20210630,2021 Q2,Active,128045000,138405270,0,0,134102000,141589987,EUR,1.055838,1.047
748,30,ER1-DLM,5,ER1,44469,20210930,2021 Q3,Partially Realized,128045000,138405270,903000,945779,138411000,144968083,EUR,1.047374,1.088
749,30,ER1-DLM,5,ER1,44561,20211231,2021 Q4,Partially Realized,128045000,138405270,1818000,1901527,142720000,149075750,EUR,1.044533,1.129
750,30,ER1-DLM,5,ER1,44651,20220331,2022 Q1,Partially Realized,128045000,138405270,2744000,2855865,147029000,151528528,EUR,1.030603,1.17
751,30,ER1-DLM,5,ER1,44742,20220630,2022 Q2,Partially Realized,128045000,138405270,3682000,3804271,151338000,153016944,EUR,1.011094,1.211
752,30,ER1-DLM,5,ER1,44834,20220930,2022 Q3,Partially Realized,128045000,138405270,4632000,4754318,155647000,155654627,EUR,1.000049,1.252
753,30,ER1-DLM,5,ER1,44926,20221231,2022 Q4,Partially Realized,128045000,138405270,5594000,5710881,159956000,159051929,EUR,0.994348,1.293
754,30,ER1-DLM,5,ER1,45016,20230331,2023 Q1,Partially Realized,128045000,138405270,6568000,6668237,164265000,161458040,EUR,0.982912,1.334
755,30,ER1-DLM,5,ER1,45107,20230630,2023 Q2,Partially Realized,128045000,138405270,7553000,7619958,168574000,162878559,EUR,0.966214,1.376
756,30,ER1-DLM,5,ER1,45199,20230930,2023 Q3,Partially Realized,128045000,138405270,8550000,8574700,167325000,160232930,EUR,0.957615,1.374
757,30,ER1-DLM,5,ER1,45291,20231231,2023 Q4,Partially Realized,128045000,138405270,9559000,9537438,166077000,158462536,EUR,0.954151,1.372
758,30,ER1-DLM,5,ER1,45382,20240331,2024 Q1,Partially Realized,128045000,138405270,10580000,10507438,164828000,156594677,EUR,0.950049,1.37
759,30,ER1-DLM,5,ER1,45473,20240630,2024 Q2,Partially Realized,128045000,138405270,11613000,11479550,163579000,153937163,EUR,0.941057,1.368
760,30,ER1-DLM,5,ER1,45565,20240930,2024 Q3,Partially Realized,128045000,138405270,12657000,12460995,162330000,152603349,EUR,0.940081,1.367
761,30,ER1-DLM,5,ER1,45657,20241231,2024 Q4,Partially Realized,128045000,138405270,13713000,13457930,161082000,152072200,EUR,0.944067,1.365
762,30,ER1-DLM,5,ER1,45747,20250331,2025 Q1,Partially Realized,128045000,138405270,14781000,14461890,159833000,150248934,EUR,0.940037,1.364
763,30,ER1-DLM,5,ER1,45838,20250630,2025 Q2,Partially Realized,128045000,138405270,15861000,15467477,158584000,147657404,EUR,0.931099,1.362
764,30,ER1-DLM,5,ER1,45930,20250930,2025 Q3,Partially Realized,128045000,138405270,16953000,16483139,157336000,146337112,EUR,0.930093,1.361
765,30,ER1-DLM,5,ER1,46022,20251231,2025 Q4,Partially Realized,128045000,138405270,18056000,17513338,156087000,145784790,EUR,0.933997,1.36
